date,dayofweek,hour,temperature,load,power
6/1/2002,6,1,62.6,11203,112.03
6/1/2002,6,2,62.3,10524,105.24
6/1/2002,6,3,62.5,10128,101.28
6/1/2002,6,4,62.4,9892,98.92
6/1/2002,6,5,61.7,9827,98.27
6/1/2002,6,6,60.7,9825,98.25
6/1/2002,6,7,60.7,10577,105.77
6/1/2002,6,8,62.1,11954,119.54
6/1/2002,6,9,64,13371,133.71
6/1/2002,6,10,66.7,14255,142.55
6/1/2002,6,11,70.1,14691,146.91
6/1/2002,6,12,73.1,14863,148.63
6/1/2002,6,13,76.8,14840,148.4
6/1/2002,6,14,79.5,14750,147.5
6/1/2002,6,15,81.2,14684,146.84
6/1/2002,6,16,82.2,14712,147.12
6/1/2002,6,17,83.1,14819,148.19
6/1/2002,6,18,83.4,14848,148.48
6/1/2002,6,19,82.4,14582,145.82
6/1/2002,6,20,80.3,14317,143.17
6/1/2002,6,21,77.3,14574,145.74
6/1/2002,6,22,74.2,14460,144.6
6/1/2002,6,23,70.9,13294,132.94
6/1/2002,6,24,68.4,11935,119.35
6/2/2002,7,1,67,10848,108.48
6/2/2002,7,2,65,10142,101.42
6/2/2002,7,3,64,9728,97.28
6/2/2002,7,4,63.3,9514,95.14
6/2/2002,7,5,64,9449,94.49
6/2/2002,7,6,64,9461,94.61
6/2/2002,7,7,62.7,9751,97.51
6/2/2002,7,8,60.7,10568,105.68
6/2/2002,7,9,61.6,11733,117.33
6/2/2002,7,10,64.4,12771,127.71
6/2/2002,7,11,67.3,13398,133.98
6/2/2002,7,12,69.8,13698,136.98
6/2/2002,7,13,71.8,13731,137.31
6/2/2002,7,14,72.2,13502,135.02
6/2/2002,7,15,70.8,13267,132.67
6/2/2002,7,16,69.6,13146,131.46
6/2/2002,7,17,69.6,13200,132
6/2/2002,7,18,68.1,13301,133.01
6/2/2002,7,19,65.9,13250,132.5
6/2/2002,7,20,63.9,13249,132.49
6/2/2002,7,21,61.3,13669,136.69
6/2/2002,7,22,58.5,13433,134.33
6/2/2002,7,23,57,12099,120.99
6/2/2002,7,24,54.9,10743,107.43
6/3/2002,1,1,54.2,9834,98.34
6/3/2002,1,2,52.3,9378,93.78
6/3/2002,1,3,52,9199,91.99
6/3/2002,1,4,51.2,9159,91.59
6/3/2002,1,5,49.7,9384,93.84
6/3/2002,1,6,49.3,10168,101.68
6/3/2002,1,7,49.8,12274,122.74
6/3/2002,1,8,51,14101,141.01
6/3/2002,1,9,53.8,14907,149.07
6/3/2002,1,10,55.7,15328,153.28
6/3/2002,1,11,58.2,15656,156.56
6/3/2002,1,12,61.4,15798,157.98
6/3/2002,1,13,62.4,15785,157.85
6/3/2002,1,14,64.5,15846,158.46
6/3/2002,1,15,66.7,15771,157.71
6/3/2002,1,16,67.6,15687,156.87
6/3/2002,1,17,68.1,15703,157.03
6/3/2002,1,18,68.1,15529,155.29
6/3/2002,1,19,67.5,15138,151.38
6/3/2002,1,20,65.9,14835,148.35
6/3/2002,1,21,63,15162,151.62
6/3/2002,1,22,60.3,14721,147.21
6/3/2002,1,23,57.5,12994,129.94
6/3/2002,1,24,55.1,11345,113.45
6/4/2002,2,1,54.2,10363,103.63
6/4/2002,2,2,50.4,9848,98.48
6/4/2002,2,3,49.4,9609,96.09
6/4/2002,2,4,47.7,9540,95.4
6/4/2002,2,5,46.8,9733,97.33
6/4/2002,2,6,46.6,10493,104.93
6/4/2002,2,7,46.8,12537,125.37
6/4/2002,2,8,50.7,14302,143.02
6/4/2002,2,9,54.3,14999,149.99
6/4/2002,2,10,57.1,15408,154.08
6/4/2002,2,11,59.6,15725,157.25
6/4/2002,2,12,61.8,15858,158.58
6/4/2002,2,13,63.9,15867,158.67
6/4/2002,2,14,65.4,15950,159.5
6/4/2002,2,15,66.2,15874,158.74
6/4/2002,2,16,67.2,15799,157.99
6/4/2002,2,17,67.1,15757,157.57
6/4/2002,2,18,65.5,15531,155.31
6/4/2002,2,19,65.1,15127,151.27
6/4/2002,2,20,64.3,15066,150.66
6/4/2002,2,21,62.4,15453,154.53
6/4/2002,2,22,61.5,14812,148.12
6/4/2002,2,23,60.9,13109,131.09
6/4/2002,2,24,60,11539,115.39
6/5/2002,3,1,59.8,10544,105.44
6/5/2002,3,2,59.3,10028,100.28
6/5/2002,3,3,59.8,9783,97.83
6/5/2002,3,4,59.6,9688,96.88
6/5/2002,3,5,59.8,9924,99.24
6/5/2002,3,6,59.7,10885,108.85
6/5/2002,3,7,60.1,12987,129.87
6/5/2002,3,8,60.1,14844,148.44
6/5/2002,3,9,60.4,15584,155.84
6/5/2002,3,10,61.5,16049,160.49
6/5/2002,3,11,63.5,16493,164.93
6/5/2002,3,12,64.3,16648,166.48
6/5/2002,3,13,64.9,16614,166.14
6/5/2002,3,14,66.7,16712,167.12
6/5/2002,3,15,68.5,16697,166.97
6/5/2002,3,16,69.7,16715,167.15
6/5/2002,3,17,71.9,16829,168.29
6/5/2002,3,18,72.9,16728,167.28
6/5/2002,3,19,73.4,16338,163.38
6/5/2002,3,20,72.2,16109,161.09
6/5/2002,3,21,70.9,16473,164.73
6/5/2002,3,22,68.9,15993,159.93
6/5/2002,3,23,68.2,14231,142.31
6/5/2002,3,24,68.2,12556,125.56
6/6/2002,4,1,67.7,11495,114.95
6/6/2002,4,2,67.3,10789,107.89
6/6/2002,4,3,66.6,10503,105.03
6/6/2002,4,4,65.9,10385,103.85
6/6/2002,4,5,65.6,10579,105.79
6/6/2002,4,6,65.7,11517,115.17
6/6/2002,4,7,65.4,13636,136.36
6/6/2002,4,8,66.3,15685,156.85
6/6/2002,4,9,66.2,16624,166.24
6/6/2002,4,10,66.3,17139,171.39
6/6/2002,4,11,66.6,17467,174.67
6/6/2002,4,12,65.7,17469,174.69
6/6/2002,4,13,63.3,17175,171.75
6/6/2002,4,14,61.5,16978,169.78
6/6/2002,4,15,61.4,16642,166.42
6/6/2002,4,16,60.5,16367,163.67
6/6/2002,4,17,59.2,16253,162.53
6/6/2002,4,18,58.5,16078,160.78
6/6/2002,4,19,57.6,15768,157.68
6/6/2002,4,20,56.9,15608,156.08
6/6/2002,4,21,56.3,15647,156.47
6/6/2002,4,22,55.7,14820,148.2
6/6/2002,4,23,56,13227,132.27
6/6/2002,4,24,55.9,11673,116.73
6/7/2002,5,1,55,10626,106.26
6/7/2002,5,2,54.6,10074,100.74
6/7/2002,5,3,54.1,9816,98.16
6/7/2002,5,4,53.5,9706,97.06
6/7/2002,5,5,53.6,9873,98.73
6/7/2002,5,6,53.3,10757,107.57
6/7/2002,5,7,53.2,12707,127.07
6/7/2002,5,8,53.5,14512,145.12
6/7/2002,5,9,53.7,15324,153.24
6/7/2002,5,10,54.3,15681,156.81
6/7/2002,5,11,55,15927,159.27
6/7/2002,5,12,54.5,15928,159.28
6/7/2002,5,13,54,15749,157.49
6/7/2002,5,14,55.6,15624,156.24
6/7/2002,5,15,55.9,15400,154
6/7/2002,5,16,57.8,15185,151.85
6/7/2002,5,17,59.5,15022,150.22
6/7/2002,5,18,60.4,14691,146.91
6/7/2002,5,19,59.8,14233,142.33
6/7/2002,5,20,58.9,13928,139.28
6/7/2002,5,21,56.9,14144,141.44
6/7/2002,5,22,54,14048,140.48
6/7/2002,5,23,52,12880,128.8
6/7/2002,5,24,49.4,11449,114.49
6/8/2002,6,1,48,10399,103.99
6/8/2002,6,2,47.1,9787,97.87
6/8/2002,6,3,46.3,9480,94.8
6/8/2002,6,4,45.3,9340,93.4
6/8/2002,6,5,44.5,9340,93.4
6/8/2002,6,6,43.9,9444,94.44
6/8/2002,6,7,44.7,10114,101.14
6/8/2002,6,8,50.1,11287,112.87
6/8/2002,6,9,53.6,12573,125.73
6/8/2002,6,10,56.4,13328,133.28
6/8/2002,6,11,59.2,13609,136.09
6/8/2002,6,12,60.9,13610,136.1
6/8/2002,6,13,62.9,13407,134.07
6/8/2002,6,14,64.6,13169,131.69
6/8/2002,6,15,65.6,12971,129.71
6/8/2002,6,16,66.5,12881,128.81
6/8/2002,6,17,66.5,12898,128.98
6/8/2002,6,18,66.4,12967,129.67
6/8/2002,6,19,65.6,12848,128.48
6/8/2002,6,20,63.4,12767,127.67
6/8/2002,6,21,61.4,13172,131.72
6/8/2002,6,22,59.6,13108,131.08
6/8/2002,6,23,58,12105,121.05
6/8/2002,6,24,56.5,10946,109.46
6/9/2002,7,1,55.5,10052,100.52
6/9/2002,7,2,54.8,9458,94.58
6/9/2002,7,3,54.3,9127,91.27
6/9/2002,7,4,53.6,8964,89.64
6/9/2002,7,5,53,8931,89.31
6/9/2002,7,6,52.9,8869,88.69
6/9/2002,7,7,53.3,9210,92.1
6/9/2002,7,8,54.8,10076,100.76
6/9/2002,7,9,56.8,11265,112.65
6/9/2002,7,10,59.7,12234,122.34
6/9/2002,7,11,61.7,12799,127.99
6/9/2002,7,12,65.3,13193,131.93
6/9/2002,7,13,70.2,13327,133.27
6/9/2002,7,14,73.4,13281,132.81
6/9/2002,7,15,76.3,13260,132.6
6/9/2002,7,16,78.6,13382,133.82
6/9/2002,7,17,79.9,13633,136.33
6/9/2002,7,18,80.2,13940,139.4
6/9/2002,7,19,79.8,13948,139.48
6/9/2002,7,20,78.4,13985,139.85
6/9/2002,7,21,76.2,14590,145.9
6/9/2002,7,22,73.4,14604,146.04
6/9/2002,7,23,71.7,13183,131.83
6/9/2002,7,24,69.2,11704,117.04
6/10/2002,1,1,67.3,10688,106.88
6/10/2002,1,2,66.4,10134,101.34
6/10/2002,1,3,64.1,9846,98.46
6/10/2002,1,4,62.7,9730,97.3
6/10/2002,1,5,60.9,9923,99.23
6/10/2002,1,6,59.7,10658,106.58
6/10/2002,1,7,58.5,12685,126.85
6/10/2002,1,8,60.3,14596,145.96
6/10/2002,1,9,61.5,15538,155.38
6/10/2002,1,10,64.1,16126,161.26
6/10/2002,1,11,66,16575,165.75
6/10/2002,1,12,67.6,16773,167.73
6/10/2002,1,13,67.7,16821,168.21
6/10/2002,1,14,69.1,16973,169.73
6/10/2002,1,15,71.1,16999,169.99
6/10/2002,1,16,72.9,16990,169.9
6/10/2002,1,17,73.7,17003,170.03
6/10/2002,1,18,73.3,16761,167.61
6/10/2002,1,19,72.7,16256,162.56
6/10/2002,1,20,71.3,15866,158.66
6/10/2002,1,21,69.3,16086,160.86
6/10/2002,1,22,66.5,15662,156.62
6/10/2002,1,23,64.4,13829,138.29
6/10/2002,1,24,61.8,12088,120.88
6/11/2002,2,1,60.4,10960,109.6
6/11/2002,2,2,59.7,10370,103.7
6/11/2002,2,3,58.6,10112,101.12
6/11/2002,2,4,58.4,9999,99.99
6/11/2002,2,5,58.4,10198,101.98
6/11/2002,2,6,59.2,11022,110.22
6/11/2002,2,7,59.7,12986,129.86
6/11/2002,2,8,60.1,14839,148.39
6/11/2002,2,9,62.6,15756,157.56
6/11/2002,2,10,65.7,16455,164.55
6/11/2002,2,11,69.5,17146,171.46
6/11/2002,2,12,73.2,17683,176.83
6/11/2002,2,13,76.6,18105,181.05
6/11/2002,2,14,79.3,18643,186.43
6/11/2002,2,15,81.4,19008,190.08
6/11/2002,2,16,82.6,19278,192.78
6/11/2002,2,17,83.3,19324,193.24
6/11/2002,2,18,75.8,18808,188.08
6/11/2002,2,19,73.1,18087,180.87
6/11/2002,2,20,72.8,17514,175.14
6/11/2002,2,21,68.7,17470,174.7
6/11/2002,2,22,65.5,16693,166.93
6/11/2002,2,23,63.6,14791,147.91
6/11/2002,2,24,62.4,12982,129.82
6/12/2002,3,1,61.7,11784,117.84
6/12/2002,3,2,61.2,11108,111.08
6/12/2002,3,3,58.6,10764,107.64
6/12/2002,3,4,57.4,10592,105.92
6/12/2002,3,5,56.8,10716,107.16
6/12/2002,3,6,56,11469,114.69
6/12/2002,3,7,55.9,13422,134.22
6/12/2002,3,8,56.2,15303,153.03
6/12/2002,3,9,56.8,16188,161.88
6/12/2002,3,10,57.4,16643,166.43
6/12/2002,3,11,57.6,17012,170.12
6/12/2002,3,12,57.3,17185,171.85
6/12/2002,3,13,58.5,17127,171.27
6/12/2002,3,14,59.5,17155,171.55
6/12/2002,3,15,59.5,17001,170.01
6/12/2002,3,16,58.4,16933,169.33
6/12/2002,3,17,56.9,16875,168.75
6/12/2002,3,18,55.5,16638,166.38
6/12/2002,3,19,54.4,16152,161.52
6/12/2002,3,20,54,15762,157.62
6/12/2002,3,21,53,15646,156.46
6/12/2002,3,22,52.3,14912,149.12
6/12/2002,3,23,52.1,13266,132.66
6/12/2002,3,24,51.9,11701,117.01
6/13/2002,4,1,51.7,10681,106.81
6/13/2002,4,2,51.5,10144,101.44
6/13/2002,4,3,51.5,9873,98.73
6/13/2002,4,4,51.2,9792,97.92
6/13/2002,4,5,51.2,9976,99.76
6/13/2002,4,6,51.3,10778,107.78
6/13/2002,4,7,51.2,12681,126.81
6/13/2002,4,8,51.5,14499,144.99
6/13/2002,4,9,52.9,15207,152.07
6/13/2002,4,10,54,15577,155.77
6/13/2002,4,11,55.3,15857,158.57
6/13/2002,4,12,57,15945,159.45
6/13/2002,4,13,57.9,15875,158.75
6/13/2002,4,14,59.4,15904,159.04
6/13/2002,4,15,60.9,15824,158.24
6/13/2002,4,16,61.8,15723,157.23
6/13/2002,4,17,62.7,15684,156.84
6/13/2002,4,18,62.7,15466,154.66
6/13/2002,4,19,61.9,15103,151.03
6/13/2002,4,20,61.4,14956,149.56
6/13/2002,4,21,60.5,15332,153.32
6/13/2002,4,22,60.3,14973,149.73
6/13/2002,4,23,59.2,13390,133.9
6/13/2002,4,24,57.6,11790,117.9
6/14/2002,5,1,57,10741,107.41
6/14/2002,5,2,55.9,10173,101.73
6/14/2002,5,3,55,9897,98.97
6/14/2002,5,4,53.9,9785,97.85
6/14/2002,5,5,53.5,9956,99.56
6/14/2002,5,6,53.5,10704,107.04
6/14/2002,5,7,53.7,12555,125.55
6/14/2002,5,8,54.5,14352,143.52
6/14/2002,5,9,56,15242,152.42
6/14/2002,5,10,57.2,15687,156.87
6/14/2002,5,11,58.7,16056,160.56
6/14/2002,5,12,59.6,16141,161.41
6/14/2002,5,13,59.7,16008,160.08
6/14/2002,5,14,59.9,15928,159.28
6/14/2002,5,15,60.1,15736,157.36
6/14/2002,5,16,59.8,15437,154.37
6/14/2002,5,17,59.5,15286,152.86
6/14/2002,5,18,58.6,15071,150.71
6/14/2002,5,19,57.3,14767,147.67
6/14/2002,5,20,56.4,14527,145.27
6/14/2002,5,21,55,14599,145.99
6/14/2002,5,22,54.4,14111,141.11
6/14/2002,5,23,54.6,12926,129.26
6/14/2002,5,24,54.1,11570,115.7
6/15/2002,6,1,53.9,10538,105.38
6/15/2002,6,2,53.5,9938,99.38
6/15/2002,6,3,53.1,9628,96.28
6/15/2002,6,4,52.8,9477,94.77
6/15/2002,6,5,52.3,9481,94.81
6/15/2002,6,6,52.1,9712,97.12
6/15/2002,6,7,51.9,10318,103.18
6/15/2002,6,8,52,11424,114.24
6/15/2002,6,9,52.1,12809,128.09
6/15/2002,6,10,52.5,13857,138.57
6/15/2002,6,11,53,14344,143.44
6/15/2002,6,12,53.4,14422,144.22
6/15/2002,6,13,54,14205,142.05
6/15/2002,6,14,54.4,13836,138.36
6/15/2002,6,15,54.8,13489,134.89
6/15/2002,6,16,54.6,13284,132.84
6/15/2002,6,17,54.2,13281,132.81
6/15/2002,6,18,53.4,13356,133.56
6/15/2002,6,19,53.1,13351,133.51
6/15/2002,6,20,52.8,13363,133.63
6/15/2002,6,21,52,13533,135.33
6/15/2002,6,22,51.5,13221,132.21
6/15/2002,6,23,50.8,12258,122.58
6/15/2002,6,24,50.7,11074,110.74
6/16/2002,7,1,50.4,10141,101.41
6/16/2002,7,2,50.3,9588,95.88
6/16/2002,7,3,49.8,9282,92.82
6/16/2002,7,4,49.3,9124,91.24
6/16/2002,7,5,49.3,9084,90.84
6/16/2002,7,6,49.3,9116,91.16
6/16/2002,7,7,49.6,9446,94.46
6/16/2002,7,8,49.6,10291,102.91
6/16/2002,7,9,50.3,11463,114.63
6/16/2002,7,10,50.6,12454,124.54
6/16/2002,7,11,51.1,12988,129.88
6/16/2002,7,12,52.2,13221,132.21
6/16/2002,7,13,53.9,13160,131.6
6/16/2002,7,14,55.5,12923,129.23
6/16/2002,7,15,57.7,12722,127.22
6/16/2002,7,16,60.3,12660,126.6
6/16/2002,7,17,63.1,12853,128.53
6/16/2002,7,18,58.2,13103,131.03
6/16/2002,7,19,56.8,13226,132.26
6/16/2002,7,20,57,13197,131.97
6/16/2002,7,21,56.6,13528,135.28
6/16/2002,7,22,55.7,13441,134.41
6/16/2002,7,23,55.8,12197,121.97
6/16/2002,7,24,55.3,10941,109.41
6/17/2002,1,1,55.6,10098,100.98
6/17/2002,1,2,55.7,9664,96.64
6/17/2002,1,3,55.7,9476,94.76
6/17/2002,1,4,54.5,9433,94.33
6/17/2002,1,5,54.1,9672,96.72
6/17/2002,1,6,53.1,10398,103.98
6/17/2002,1,7,53.6,12222,122.22
6/17/2002,1,8,55.6,14099,140.99
6/17/2002,1,9,57.8,15174,151.74
6/17/2002,1,10,61.2,15842,158.42
6/17/2002,1,11,64.3,16330,163.3
6/17/2002,1,12,67.3,16552,165.52
6/17/2002,1,13,69.6,16558,165.58
6/17/2002,1,14,71,16613,166.13
6/17/2002,1,15,72.5,16539,165.39
6/17/2002,1,16,72.1,16382,163.82
6/17/2002,1,17,71.9,16364,163.64
6/17/2002,1,18,73.4,16169,161.69
6/17/2002,1,19,72.2,15743,157.43
6/17/2002,1,20,69.9,15450,154.5
6/17/2002,1,21,66.5,15674,156.74
6/17/2002,1,22,62.4,15236,152.36
6/17/2002,1,23,60.9,13555,135.55
6/17/2002,1,24,59.5,11913,119.13
6/18/2002,2,1,59.1,10790,107.9
6/18/2002,2,2,57.4,10193,101.93
6/18/2002,2,3,56.1,9899,98.99
6/18/2002,2,4,54.9,9760,97.6
6/18/2002,2,5,54.6,9927,99.27
6/18/2002,2,6,53,10588,105.88
6/18/2002,2,7,54.1,12471,124.71
6/18/2002,2,8,57.4,14378,143.78
6/18/2002,2,9,60.4,15427,154.27
6/18/2002,2,10,63.3,16057,160.57
6/18/2002,2,11,65.5,16512,165.12
6/18/2002,2,12,68.2,16741,167.41
6/18/2002,2,13,70.3,16823,168.23
6/18/2002,2,14,72.2,16984,169.84
6/18/2002,2,15,72.7,17016,170.16
6/18/2002,2,16,74.3,16940,169.4
6/18/2002,2,17,74.1,16874,168.74
6/18/2002,2,18,74.2,16616,166.16
6/18/2002,2,19,74.4,16138,161.38
6/18/2002,2,20,72.8,15723,157.23
6/18/2002,2,21,69.8,15852,158.52
6/18/2002,2,22,65.5,15617,156.17
6/18/2002,2,23,64.7,13966,139.66
6/18/2002,2,24,63.3,12256,122.56
6/19/2002,3,1,62,11117,111.17
6/19/2002,3,2,60.8,10459,104.59
6/19/2002,3,3,61.5,10133,101.33
6/19/2002,3,4,60,9978,99.78
6/19/2002,3,5,58.8,10141,101.41
6/19/2002,3,6,58.5,10829,108.29
6/19/2002,3,7,58.2,12657,126.57
6/19/2002,3,8,61.1,14543,145.43
6/19/2002,3,9,63.5,15765,157.65
6/19/2002,3,10,66.4,16510,165.1
6/19/2002,3,11,68.6,17029,170.29
6/19/2002,3,12,70,17311,173.11
6/19/2002,3,13,71.4,17380,173.8
6/19/2002,3,14,72.4,17533,175.33
6/19/2002,3,15,73.8,17539,175.39
6/19/2002,3,16,74,17398,173.98
6/19/2002,3,17,73.8,17316,173.16
6/19/2002,3,18,72.9,16973,169.73
6/19/2002,3,19,73.3,16436,164.36
6/19/2002,3,20,71.2,15967,159.67
6/19/2002,3,21,66.5,16057,160.57
6/19/2002,3,22,64.3,15781,157.81
6/19/2002,3,23,62.8,14133,141.33
6/19/2002,3,24,62,12433,124.33
6/20/2002,4,1,60.5,11230,112.3
6/20/2002,4,2,59.6,10548,105.48
6/20/2002,4,3,58.4,10219,102.19
6/20/2002,4,4,58,10066,100.66
6/20/2002,4,5,56.6,10194,101.94
6/20/2002,4,6,55.9,10855,108.55
6/20/2002,4,7,56.8,12645,126.45
6/20/2002,4,8,60.1,14641,146.41
6/20/2002,4,9,63.1,15906,159.06
6/20/2002,4,10,65.9,16772,167.72
6/20/2002,4,11,68.7,17392,173.92
6/20/2002,4,12,71.2,17772,177.72
6/20/2002,4,13,73,17884,178.84
6/20/2002,4,14,74.2,18111,181.11
6/20/2002,4,15,74.7,18117,181.17
6/20/2002,4,16,74.8,18039,180.39
6/20/2002,4,17,76.5,17935,179.35
6/20/2002,4,18,76.7,17566,175.66
6/20/2002,4,19,76.1,16937,169.37
6/20/2002,4,20,73.4,16368,163.68
6/20/2002,4,21,71.4,16365,163.65
6/20/2002,4,22,68.4,16132,161.32
6/20/2002,4,23,66.1,14472,144.72
6/20/2002,4,24,63.9,12712,127.12
6/21/2002,5,1,62.9,11482,114.82
6/21/2002,5,2,61.2,10711,107.11
6/21/2002,5,3,60.8,10435,104.35
6/21/2002,5,4,60.1,10176,101.76
6/21/2002,5,5,59.1,10339,103.39
6/21/2002,5,6,59.2,10913,109.13
6/21/2002,5,7,59.1,12632,126.32
6/21/2002,5,8,61.4,14658,146.58
6/21/2002,5,9,65.3,16043,160.43
6/21/2002,5,10,69.6,17017,170.17
6/21/2002,5,11,72.9,17744,177.44
6/21/2002,5,12,76,18222,182.22
6/21/2002,5,13,78.9,18376,183.76
6/21/2002,5,14,81,18664,186.64
6/21/2002,5,15,82.1,18745,187.45
6/21/2002,5,16,82.4,18679,186.79
6/21/2002,5,17,82.6,18597,185.97
6/21/2002,5,18,81.8,18159,181.59
6/21/2002,5,19,80.5,17472,174.72
6/21/2002,5,20,78.4,16786,167.86
6/21/2002,5,21,75.6,16758,167.58
6/21/2002,5,22,73,16448,164.48
6/21/2002,5,23,70.7,15019,150.19
6/21/2002,5,24,69.4,13374,133.74
6/22/2002,6,1,68.4,12095,120.95
6/22/2002,6,2,67.1,11294,112.94
6/22/2002,6,3,65.6,10845,108.45
6/22/2002,6,4,65.4,10539,105.39
6/22/2002,6,5,64.3,10473,104.73
6/22/2002,6,6,64.4,10521,105.21
6/22/2002,6,7,64.8,11198,111.98
6/22/2002,6,8,66.2,12545,125.45
6/22/2002,6,9,68.9,14117,141.17
6/22/2002,6,10,71.9,15371,153.71
6/22/2002,6,11,74.6,16202,162.02
6/22/2002,6,12,77.6,16618,166.18
6/22/2002,6,13,78.6,16738,167.38
6/22/2002,6,14,78.2,16591,165.91
6/22/2002,6,15,77.8,16392,163.92
6/22/2002,6,16,74.5,16189,161.89
6/22/2002,6,17,73,16056,160.56
6/22/2002,6,18,71.9,15922,159.22
6/22/2002,6,19,70.9,15633,156.33
6/22/2002,6,20,68.2,15322,153.22
6/22/2002,6,21,67.1,15370,153.7
6/22/2002,6,22,66.2,15077,150.77
6/22/2002,6,23,65.8,13898,138.98
6/22/2002,6,24,65.7,12599,125.99
6/23/2002,7,1,65.8,11534,115.34
6/23/2002,7,2,65.1,10807,108.07
6/23/2002,7,3,64.4,10407,104.07
6/23/2002,7,4,63.9,10166,101.66
6/23/2002,7,5,63.8,10088,100.88
6/23/2002,7,6,63.4,10049,100.49
6/23/2002,7,7,63.3,10340,103.4
6/23/2002,7,8,63.5,11206,112.06
6/23/2002,7,9,64,12436,124.36
6/23/2002,7,10,65.8,13590,135.9
6/23/2002,7,11,68.6,14483,144.83
6/23/2002,7,12,71.5,15177,151.77
6/23/2002,7,13,74.2,15549,155.49
6/23/2002,7,14,76.5,15674,156.74
6/23/2002,7,15,77.4,15736,157.36
6/23/2002,7,16,77.7,15919,159.19
6/23/2002,7,17,78.4,16218,162.18
6/23/2002,7,18,78.9,16438,164.38
6/23/2002,7,19,78.1,16366,163.66
6/23/2002,7,20,78.7,16230,162.3
6/23/2002,7,21,77.3,16505,165.05
6/23/2002,7,22,75.7,16437,164.37
6/23/2002,7,23,74.1,15031,150.31
6/23/2002,7,24,72.8,13522,135.22
6/24/2002,1,1,72.7,12399,123.99
6/24/2002,1,2,72.1,11780,117.8
6/24/2002,1,3,71.5,11465,114.65
6/24/2002,1,4,71.8,11352,113.52
6/24/2002,1,5,71.4,11570,115.7
6/24/2002,1,6,71.4,12303,123.03
6/24/2002,1,7,71.3,14143,141.43
6/24/2002,1,8,72.3,16347,163.47
6/24/2002,1,9,73.7,17760,177.6
6/24/2002,1,10,74.3,18593,185.93
6/24/2002,1,11,75.6,19144,191.44
6/24/2002,1,12,77.5,19402,194.02
6/24/2002,1,13,78.9,19462,194.62
6/24/2002,1,14,80.5,19568,195.68
6/24/2002,1,15,81.9,19616,196.16
6/24/2002,1,16,82.9,19585,195.85
6/24/2002,1,17,83.4,19568,195.68
6/24/2002,1,18,83.4,19306,193.06
6/24/2002,1,19,82.2,18651,186.51
6/24/2002,1,20,79.8,17924,179.24
6/24/2002,1,21,76.4,17669,176.69
6/24/2002,1,22,71.8,17178,171.78
6/24/2002,1,23,69.9,15277,152.77
6/24/2002,1,24,66.9,13352,133.52
6/25/2002,2,1,63.8,11981,119.81
6/25/2002,2,2,63.3,11257,112.57
6/25/2002,2,3,62.8,10843,108.43
6/25/2002,2,4,61.2,10642,106.42
6/25/2002,2,5,59.8,10756,107.56
6/25/2002,2,6,59.3,11341,113.41
6/25/2002,2,7,59.6,13076,130.76
6/25/2002,2,8,63.4,15066,150.66
6/25/2002,2,9,67.2,16307,163.07
6/25/2002,2,10,70.5,17144,171.44
6/25/2002,2,11,71.4,17783,177.83
6/25/2002,2,12,73.2,18143,181.43
6/25/2002,2,13,76.3,18326,183.26
6/25/2002,2,14,76.5,18625,186.25
6/25/2002,2,15,77.2,18817,188.17
6/25/2002,2,16,78.6,18799,187.99
6/25/2002,2,17,80.3,18868,188.68
6/25/2002,2,18,79.9,18628,186.28
6/25/2002,2,19,78.5,18038,180.38
6/25/2002,2,20,77.1,17451,174.51
6/25/2002,2,21,74.2,17448,174.48
6/25/2002,2,22,71.7,17077,170.77
6/25/2002,2,23,69.9,15308,153.08
6/25/2002,2,24,68.4,13464,134.64
6/26/2002,3,1,68.1,12197,121.97
6/26/2002,3,2,66.8,11487,114.87
6/26/2002,3,3,65.6,11111,111.11
6/26/2002,3,4,65.5,10940,109.4
6/26/2002,3,5,64.9,11120,111.2
6/26/2002,3,6,64.9,11842,118.42
6/26/2002,3,7,64.7,13726,137.26
6/26/2002,3,8,66.7,15887,158.87
6/26/2002,3,9,70.6,17468,174.68
6/26/2002,3,10,74.4,18741,187.41
6/26/2002,3,11,78.3,19946,199.46
6/26/2002,3,12,82.9,20908,209.08
6/26/2002,3,13,85.5,21532,215.32
6/26/2002,3,14,88.4,22073,220.73
6/26/2002,3,15,89.5,22250,222.5
6/26/2002,3,16,89.5,22112,221.12
6/26/2002,3,17,87.8,21884,218.84
6/26/2002,3,18,86.2,21367,213.67
6/26/2002,3,19,81,20682,206.82
6/26/2002,3,20,79.8,20119,201.19
6/26/2002,3,21,78.2,20008,200.08
6/26/2002,3,22,77.4,19348,193.48
6/26/2002,3,23,75.9,17511,175.11
6/26/2002,3,24,75.4,15621,156.21
6/27/2002,4,1,74.4,14318,143.18
6/27/2002,4,2,74.1,13501,135.01
6/27/2002,4,3,73,13061,130.61
6/27/2002,4,4,72.9,12831,128.31
6/27/2002,4,5,72.8,12983,129.83
6/27/2002,4,6,73.1,13729,137.29
6/27/2002,4,7,73.2,15598,155.98
6/27/2002,4,8,74.4,17904,179.04
6/27/2002,4,9,76.7,19537,195.37
6/27/2002,4,10,79.1,20755,207.55
6/27/2002,4,11,81.5,21654,216.54
6/27/2002,4,12,83.5,22202,222.02
6/27/2002,4,13,85.6,22479,224.79
6/27/2002,4,14,86.8,22828,228.28
6/27/2002,4,15,88,22946,229.46
6/27/2002,4,16,88.1,22953,229.53
6/27/2002,4,17,88.2,22744,227.44
6/27/2002,4,18,85.9,22086,220.86
6/27/2002,4,19,81.2,21179,211.79
6/27/2002,4,20,77.5,20489,204.89
6/27/2002,4,21,76.7,20445,204.45
6/27/2002,4,22,75.1,19575,195.75
6/27/2002,4,23,73.8,17491,174.91
6/27/2002,4,24,71,15497,154.97
6/28/2002,5,1,70.5,14096,140.96
6/28/2002,5,2,69.6,13273,132.73
6/28/2002,5,3,69.1,12824,128.24
6/28/2002,5,4,68.9,12599,125.99
6/28/2002,5,5,69.2,12697,126.97
6/28/2002,5,6,68.6,13355,133.55
6/28/2002,5,7,69,15035,150.35
6/28/2002,5,8,70,16998,169.98
6/28/2002,5,9,71.4,18419,184.19
6/28/2002,5,10,73.3,19422,194.22
6/28/2002,5,11,75.8,20183,201.83
6/28/2002,5,12,78.4,20687,206.87
6/28/2002,5,13,79.9,20778,207.78
6/28/2002,5,14,80.3,20991,209.91
6/28/2002,5,15,79.9,20962,209.62
6/28/2002,5,16,81.3,20624,206.24
6/28/2002,5,17,79.3,20329,203.29
6/28/2002,5,18,79.7,19812,198.12
6/28/2002,5,19,78.8,19048,190.48
6/28/2002,5,20,76.2,18366,183.66
6/28/2002,5,21,73.4,18164,181.64
6/28/2002,5,22,71.7,17757,177.57
6/28/2002,5,23,71.6,16218,162.18
6/28/2002,5,24,70.6,14453,144.53
6/29/2002,6,1,70.2,13127,131.27
6/29/2002,6,2,68.3,12220,122.2
6/29/2002,6,3,67.5,11643,116.43
6/29/2002,6,4,67,11248,112.48
6/29/2002,6,5,66,11109,111.09
6/29/2002,6,6,65.2,11039,110.39
6/29/2002,6,7,65.7,11788,117.88
6/29/2002,6,8,67.9,13244,132.44
6/29/2002,6,9,71,14844,148.44
6/29/2002,6,10,73.9,16014,160.14
6/29/2002,6,11,76.7,16717,167.17
6/29/2002,6,12,78.1,17044,170.44
6/29/2002,6,13,78.9,17095,170.95
6/29/2002,6,14,79.4,17045,170.45
6/29/2002,6,15,80,17022,170.22
6/29/2002,6,16,79.2,17028,170.28
6/29/2002,6,17,79.6,17067,170.67
6/29/2002,6,18,78.9,16964,169.64
6/29/2002,6,19,77.8,16586,165.86
6/29/2002,6,20,76.2,16076,160.76
6/29/2002,6,21,73.8,16082,160.82
6/29/2002,6,22,71.6,15938,159.38
6/29/2002,6,23,69.2,14741,147.41
6/29/2002,6,24,68.6,13289,132.89
6/30/2002,7,1,67.1,12059,120.59
6/30/2002,7,2,65.9,11261,112.61
6/30/2002,7,3,65.3,10785,107.85
6/30/2002,7,4,64.2,10485,104.85
6/30/2002,7,5,63.4,10351,103.51
6/30/2002,7,6,61.5,10208,102.08
6/30/2002,7,7,61.4,10638,106.38
6/30/2002,7,8,64.3,11711,117.11
6/30/2002,7,9,67.3,13129,131.29
6/30/2002,7,10,71.1,14427,144.27
6/30/2002,7,11,74.5,15401,154.01
6/30/2002,7,12,76.9,16141,161.41
6/30/2002,7,13,79.1,16590,165.9
6/30/2002,7,14,80.5,16740,167.4
6/30/2002,7,15,81.3,16797,167.97
6/30/2002,7,16,81.3,16932,169.32
6/30/2002,7,17,82.5,17120,171.2
6/30/2002,7,18,82.2,17200,172
6/30/2002,7,19,80.9,16951,169.51
6/30/2002,7,20,78.3,16600,166
6/30/2002,7,21,76.1,16745,167.45
6/30/2002,7,22,73.8,16703,167.03
6/30/2002,7,23,72,15272,152.72
6/30/2002,7,24,70.2,13658,136.58
7/1/2002,1,1,69.3,12473,124.73
7/1/2002,1,2,68.8,11808,118.08
7/1/2002,1,3,67.9,11449,114.49
7/1/2002,1,4,67.4,11286,112.86
7/1/2002,1,5,67,11448,114.48
7/1/2002,1,6,67,12127,121.27
7/1/2002,1,7,67.4,13774,137.74
7/1/2002,1,8,68.9,15829,158.29
7/1/2002,1,9,71,17397,173.97
7/1/2002,1,10,73.8,18589,185.89
7/1/2002,1,11,76.6,19697,196.97
7/1/2002,1,12,79.8,20571,205.71
7/1/2002,1,13,83.3,21168,211.68
7/1/2002,1,14,86.2,21680,216.8
7/1/2002,1,15,87.2,21910,219.1
7/1/2002,1,16,87.8,21970,219.7
7/1/2002,1,17,87.5,21976,219.76
7/1/2002,1,18,87.1,21743,217.43
7/1/2002,1,19,86.2,21195,211.95
7/1/2002,1,20,84.9,20622,206.22
7/1/2002,1,21,82.4,20531,205.31
7/1/2002,1,22,80.7,20096,200.96
7/1/2002,1,23,78.9,18170,181.7
7/1/2002,1,24,77.8,16087,160.87
7/2/2002,2,1,77.2,14629,146.29
7/2/2002,2,2,76.5,13790,137.9
7/2/2002,2,3,74.8,13298,132.98
7/2/2002,2,4,74.1,13042,130.42
7/2/2002,2,5,73.3,13099,130.99
7/2/2002,2,6,73,13668,136.68
7/2/2002,2,7,72.9,15383,153.83
7/2/2002,2,8,74.9,17570,175.7
7/2/2002,2,9,76.9,19247,192.47
7/2/2002,2,10,79.6,20523,205.23
7/2/2002,2,11,81.7,21656,216.56
7/2/2002,2,12,85.1,22436,224.36
7/2/2002,2,13,87.2,22880,228.8
7/2/2002,2,14,87.9,23352,233.52
7/2/2002,2,15,90.2,23712,237.12
7/2/2002,2,16,90.2,23828,238.28
7/2/2002,2,17,91.1,23894,238.94
7/2/2002,2,18,90.9,23649,236.49
7/2/2002,2,19,90.6,23139,231.39
7/2/2002,2,20,88.8,22652,226.52
7/2/2002,2,21,87.3,22569,225.69
7/2/2002,2,22,85.5,22201,222.01
7/2/2002,2,23,83.5,20326,203.26
7/2/2002,2,24,81.9,18236,182.36
7/3/2002,3,1,79.9,16666,166.66
7/3/2002,3,2,79.6,15741,157.41
7/3/2002,3,3,79.3,15203,152.03
7/3/2002,3,4,79.1,14841,148.41
7/3/2002,3,5,77.4,14834,148.34
7/3/2002,3,6,75.9,15289,152.89
7/3/2002,3,7,75.7,17039,170.39
7/3/2002,3,8,78.1,19340,193.4
7/3/2002,3,9,81.5,21210,212.1
7/3/2002,3,10,84.8,22570,225.7
7/3/2002,3,11,87.7,23609,236.09
7/3/2002,3,12,90.2,24227,242.27
7/3/2002,3,13,90,24479,244.79
7/3/2002,3,14,92.4,24719,247.19
7/3/2002,3,15,92.7,24780,247.8
7/3/2002,3,16,92.9,24664,246.64
7/3/2002,3,17,92.4,24507,245.07
7/3/2002,3,18,91.4,24109,241.09
7/3/2002,3,19,90.5,23419,234.19
7/3/2002,3,20,89.2,22664,226.64
7/3/2002,3,21,86.6,22285,222.85
7/3/2002,3,22,83.7,21808,218.08
7/3/2002,3,23,82.4,20240,202.4
7/3/2002,3,24,82.9,18411,184.11
7/4/2002,4,1,81.5,16768,167.68
7/4/2002,4,2,80,15644,156.44
7/4/2002,4,3,78.4,14903,149.03
7/4/2002,4,4,76.3,14434,144.34
7/4/2002,4,5,75.4,14195,141.95
7/4/2002,4,6,75.5,14056,140.56
7/4/2002,4,7,75.8,14741,147.41
7/4/2002,4,8,78.4,16144,161.44
7/4/2002,4,9,81.3,17921,179.21
7/4/2002,4,10,83.9,19473,194.73
7/4/2002,4,11,86,20572,205.72
7/4/2002,4,12,89.1,21230,212.3
7/4/2002,4,13,90,21425,214.25
7/4/2002,4,14,92.1,21360,213.6
7/4/2002,4,15,92.4,21248,212.48
7/4/2002,4,16,93.6,21206,212.06
7/4/2002,4,17,93.7,21243,212.43
7/4/2002,4,18,93.6,21173,211.73
7/4/2002,4,19,91,20692,206.92
7/4/2002,4,20,88.6,20201,202.01
7/4/2002,4,21,85.7,20000,200
7/4/2002,4,22,83.1,19687,196.87
7/4/2002,4,23,82.4,18679,186.79
7/4/2002,4,24,81.5,17248,172.48
7/5/2002,5,1,79.8,15859,158.59
7/5/2002,5,2,78.2,14872,148.72
7/5/2002,5,3,77.5,14196,141.96
7/5/2002,5,4,74.7,13722,137.22
7/5/2002,5,5,73.2,13452,134.52
7/5/2002,5,6,71.3,13438,134.38
7/5/2002,5,7,70.8,14301,143.01
7/5/2002,5,8,72.3,15780,157.8
7/5/2002,5,9,73.6,17107,171.07
7/5/2002,5,10,75.7,18020,180.2
7/5/2002,5,11,76.6,18426,184.26
7/5/2002,5,12,77.3,18455,184.55
7/5/2002,5,13,77.3,18260,182.6
7/5/2002,5,14,77.7,18073,180.73
7/5/2002,5,15,77.4,17882,178.82
7/5/2002,5,16,77.8,17691,176.91
7/5/2002,5,17,77.5,17549,175.49
7/5/2002,5,18,77.2,17220,172.2
7/5/2002,5,19,75.7,16525,165.25
7/5/2002,5,20,73.9,15824,158.24
7/5/2002,5,21,71.5,15686,156.86
7/5/2002,5,22,69.4,15437,154.37
7/5/2002,5,23,68.2,14252,142.52
7/5/2002,5,24,67.1,12919,129.19
7/6/2002,6,1,66.2,11747,117.47
7/6/2002,6,2,64.7,11036,110.36
7/6/2002,6,3,63.6,10606,106.06
7/6/2002,6,4,63.2,10349,103.49
7/6/2002,6,5,61.9,10274,102.74
7/6/2002,6,6,61.8,10218,102.18
7/6/2002,6,7,61.1,10720,107.2
7/6/2002,6,8,63.6,11861,118.61
7/6/2002,6,9,66.7,13246,132.46
7/6/2002,6,10,69.8,14383,143.83
7/6/2002,6,11,73.1,15085,150.85
7/6/2002,6,12,75,15405,154.05
7/6/2002,6,13,76.6,15490,154.9
7/6/2002,6,14,78.6,15412,154.12
7/6/2002,6,15,79,15319,153.19
7/6/2002,6,16,79,15260,152.6
7/6/2002,6,17,78.6,15228,152.28
7/6/2002,6,18,77.6,15156,151.56
7/6/2002,6,19,76.5,14872,148.72
7/6/2002,6,20,74.2,14616,146.16
7/6/2002,6,21,71.7,14696,146.96
7/6/2002,6,22,69.9,14483,144.83
7/6/2002,6,23,68.8,13475,134.75
7/6/2002,6,24,67.8,12296,122.96
7/7/2002,7,1,66.5,11285,112.85
7/7/2002,7,2,66.1,10640,106.4
7/7/2002,7,3,65,10233,102.33
7/7/2002,7,4,65,9992,99.92
7/7/2002,7,5,64.7,9922,99.22
7/7/2002,7,6,64.8,9869,98.69
7/7/2002,7,7,63.6,10129,101.29
7/7/2002,7,8,65.5,10911,109.11
7/7/2002,7,9,66.9,12063,120.63
7/7/2002,7,10,68.6,13050,130.5
7/7/2002,7,11,70,13748,137.48
7/7/2002,7,12,71.2,14216,142.16
7/7/2002,7,13,72.8,14505,145.05
7/7/2002,7,14,75.4,14614,146.14
7/7/2002,7,15,77.2,14684,146.84
7/7/2002,7,16,77.8,14746,147.46
7/7/2002,7,17,77.5,14947,149.47
7/7/2002,7,18,77.6,15169,151.69
7/7/2002,7,19,76.5,15176,151.76
7/7/2002,7,20,75.1,15148,151.48
7/7/2002,7,21,73.2,15506,155.06
7/7/2002,7,22,70.6,15319,153.19
7/7/2002,7,23,69.2,14043,140.43
7/7/2002,7,24,68.7,12639,126.39
7/8/2002,1,1,67.9,11601,116.01
7/8/2002,1,2,67.5,10987,109.87
7/8/2002,1,3,65.3,10673,106.73
7/8/2002,1,4,65.6,10547,105.47
7/8/2002,1,5,63.9,10723,107.23
7/8/2002,1,6,63.3,11383,113.83
7/8/2002,1,7,63.2,12966,129.66
7/8/2002,1,8,65.7,14958,149.58
7/8/2002,1,9,69.5,16464,164.64
7/8/2002,1,10,72.5,17640,176.4
7/8/2002,1,11,76.8,18749,187.49
7/8/2002,1,12,80.5,19637,196.37
7/8/2002,1,13,83.9,20232,202.32
7/8/2002,1,14,86.5,20733,207.33
7/8/2002,1,15,86.5,20980,209.8
7/8/2002,1,16,87.2,21085,210.85
7/8/2002,1,17,87.2,21204,212.04
7/8/2002,1,18,86.6,21098,210.98
7/8/2002,1,19,86,20648,206.48
7/8/2002,1,20,84.4,20079,200.79
7/8/2002,1,21,81.3,20064,200.64
7/8/2002,1,22,79.5,19572,195.72
7/8/2002,1,23,77.4,17709,177.09
7/8/2002,1,24,76.5,15768,157.68
7/9/2002,2,1,75,14304,143.04
7/9/2002,2,2,73.2,13445,134.45
7/9/2002,2,3,72.3,12968,129.68
7/9/2002,2,4,71.6,12720,127.2
7/9/2002,2,5,70.4,12800,128
7/9/2002,2,6,70.6,13447,134.47
7/9/2002,2,7,71.3,15089,150.89
7/9/2002,2,8,72.6,17098,170.98
7/9/2002,2,9,74.4,18548,185.48
7/9/2002,2,10,76.6,19666,196.66
7/9/2002,2,11,79,20597,205.97
7/9/2002,2,12,81.5,21382,213.82
7/9/2002,2,13,84.6,21871,218.71
7/9/2002,2,14,86.1,22374,223.74
7/9/2002,2,15,87.5,22395,223.95
7/9/2002,2,16,86.3,22116,221.16
7/9/2002,2,17,84.1,21813,218.13
7/9/2002,2,18,82.7,21359,213.59
7/9/2002,2,19,78.7,20579,205.79
7/9/2002,2,20,72.9,19774,197.74
7/9/2002,2,21,70.4,19320,193.2
7/9/2002,2,22,70.4,18389,183.89
7/9/2002,2,23,69.6,16606,166.06
7/9/2002,2,24,69.1,14882,148.82
7/10/2002,3,1,69,13630,136.3
7/10/2002,3,2,68.9,12858,128.58
7/10/2002,3,3,68.5,12404,124.04
7/10/2002,3,4,68.5,12159,121.59
7/10/2002,3,5,67.3,12194,121.94
7/10/2002,3,6,66.7,12722,127.22
7/10/2002,3,7,66.1,14251,142.51
7/10/2002,3,8,66.6,16105,161.05
7/10/2002,3,9,67.6,17173,171.73
7/10/2002,3,10,68,17731,177.31
7/10/2002,3,11,70.6,18086,180.86
7/10/2002,3,12,71.3,18251,182.51
7/10/2002,3,13,73,18238,182.38
7/10/2002,3,14,74.4,18332,183.32
7/10/2002,3,15,75.5,18310,183.1
7/10/2002,3,16,76.2,18261,182.61
7/10/2002,3,17,76,18193,181.93
7/10/2002,3,18,76.2,17842,178.42
7/10/2002,3,19,74.8,17143,171.43
7/10/2002,3,20,72.6,16457,164.57
7/10/2002,3,21,69.7,16247,162.47
7/10/2002,3,22,66.2,15950,159.5
7/10/2002,3,23,64,14357,143.57
7/10/2002,3,24,62.6,12652,126.52
7/11/2002,4,1,60.8,11454,114.54
7/11/2002,4,2,58.8,10773,107.73
7/11/2002,4,3,57.1,10403,104.03
7/11/2002,4,4,55.1,10229,102.29
7/11/2002,4,5,54.8,10346,103.46
7/11/2002,4,6,54.4,10906,109.06
7/11/2002,4,7,53.6,12454,124.54
7/11/2002,4,8,57.3,14261,142.61
7/11/2002,4,9,59.9,15330,153.3
7/11/2002,4,10,61.5,15953,159.53
7/11/2002,4,11,64.3,16412,164.12
7/11/2002,4,12,66.3,16584,165.84
7/11/2002,4,13,68.1,16610,166.1
7/11/2002,4,14,69.4,16723,167.23
7/11/2002,4,15,69.7,16683,166.83
7/11/2002,4,16,71.5,16593,165.93
7/11/2002,4,17,72.1,16575,165.75
7/11/2002,4,18,72.1,16368,163.68
7/11/2002,4,19,72.2,15905,159.05
7/11/2002,4,20,71.5,15421,154.21
7/11/2002,4,21,68.7,15464,154.64
7/11/2002,4,22,65.5,15253,152.53
7/11/2002,4,23,62.7,13745,137.45
7/11/2002,4,24,61.1,12165,121.65
7/12/2002,5,1,59.6,11049,110.49
7/12/2002,5,2,58,10407,104.07
7/12/2002,5,3,57.3,10061,100.61
7/12/2002,5,4,55.6,9948,99.48
7/12/2002,5,5,55.2,10108,101.08
7/12/2002,5,6,54.5,10636,106.36
7/12/2002,5,7,54.5,12142,121.42
7/12/2002,5,8,57.6,14010,140.1
7/12/2002,5,9,61.9,15288,152.88
7/12/2002,5,10,66.4,16110,161.1
7/12/2002,5,11,69.1,16703,167.03
7/12/2002,5,12,71.2,17002,170.02
7/12/2002,5,13,72.8,17069,170.69
7/12/2002,5,14,74.5,17237,172.37
7/12/2002,5,15,75.7,17258,172.58
7/12/2002,5,16,76.5,17198,171.98
7/12/2002,5,17,76.8,17173,171.73
7/12/2002,5,18,76.5,16905,169.05
7/12/2002,5,19,76.2,16393,163.93
7/12/2002,5,20,74.7,15800,158
7/12/2002,5,21,71.9,15759,157.59
7/12/2002,5,22,69.7,15559,155.59
7/12/2002,5,23,67.4,14207,142.07
7/12/2002,5,24,66.2,12697,126.97
7/13/2002,6,1,64.8,11519,115.19
7/13/2002,6,2,63.7,10813,108.13
7/13/2002,6,3,62.7,10391,103.91
7/13/2002,6,4,62.1,10162,101.62
7/13/2002,6,5,61.2,10115,101.15
7/13/2002,6,6,60.8,10216,102.16
7/13/2002,6,7,60.3,10858,108.58
7/13/2002,6,8,62.9,12153,121.53
7/13/2002,6,9,66.8,13632,136.32
7/13/2002,6,10,70.3,14818,148.18
7/13/2002,6,11,74.4,15559,155.59
7/13/2002,6,12,77.6,15922,159.22
7/13/2002,6,13,80.2,16014,160.14
7/13/2002,6,14,82.2,16011,160.11
7/13/2002,6,15,83.5,16025,160.25
7/13/2002,6,16,83.6,16080,160.8
7/13/2002,6,17,83.9,16154,161.54
7/13/2002,6,18,82.7,16112,161.12
7/13/2002,6,19,80.7,15774,157.74
7/13/2002,6,20,77.8,15397,153.97
7/13/2002,6,21,74.8,15539,155.39
7/13/2002,6,22,72,15457,154.57
7/13/2002,6,23,69.7,14335,143.35
7/13/2002,6,24,68.8,13013,130.13
7/14/2002,7,1,67.6,11913,119.13
7/14/2002,7,2,66.8,11196,111.96
7/14/2002,7,3,65.8,10769,107.69
7/14/2002,7,4,64.9,10478,104.78
7/14/2002,7,5,64,10366,103.66
7/14/2002,7,6,63.5,10291,102.91
7/14/2002,7,7,63.4,10602,106.02
7/14/2002,7,8,65.4,11527,115.27
7/14/2002,7,9,68.1,12831,128.31
7/14/2002,7,10,71.2,14032,140.32
7/14/2002,7,11,74.2,15009,150.09
7/14/2002,7,12,76.6,15692,156.92
7/14/2002,7,13,78.7,16066,160.66
7/14/2002,7,14,80.6,16204,162.04
7/14/2002,7,15,82.1,16318,163.18
7/14/2002,7,16,82.8,16469,164.69
7/14/2002,7,17,82.9,16712,167.12
7/14/2002,7,18,82.4,16852,168.52
7/14/2002,7,19,81.4,16722,167.22
7/14/2002,7,20,78.9,16428,164.28
7/14/2002,7,21,76.2,16690,166.9
7/14/2002,7,22,74,16624,166.24
7/14/2002,7,23,71.6,15294,152.94
7/14/2002,7,24,70,13711,137.11
7/15/2002,1,1,68.7,12584,125.84
7/15/2002,1,2,67.6,11936,119.36
7/15/2002,1,3,66.4,11579,115.79
7/15/2002,1,4,66.1,11407,114.07
7/15/2002,1,5,65.6,11563,115.63
7/15/2002,1,6,64.8,12221,122.21
7/15/2002,1,7,65.1,13891,138.91
7/15/2002,1,8,67.1,16099,160.99
7/15/2002,1,9,70.4,17715,177.15
7/15/2002,1,10,73.3,18915,189.15
7/15/2002,1,11,75.8,19971,199.71
7/15/2002,1,12,79.6,20688,206.88
7/15/2002,1,13,82.2,21018,210.18
7/15/2002,1,14,83.5,21172,211.72
7/15/2002,1,15,82.8,21199,211.99
7/15/2002,1,16,84.3,21256,212.56
7/15/2002,1,17,84.3,21290,212.9
7/15/2002,1,18,80.9,20997,209.97
7/15/2002,1,19,79.2,20244,202.44
7/15/2002,1,20,76.9,19445,194.45
7/15/2002,1,21,74,19016,190.16
7/15/2002,1,22,71.9,18400,184
7/15/2002,1,23,70.1,16637,166.37
7/15/2002,1,24,69.4,14668,146.68
7/16/2002,2,1,67.2,13317,133.17
7/16/2002,2,2,66.8,12552,125.52
7/16/2002,2,3,65.9,12034,120.34
7/16/2002,2,4,64.8,11777,117.77
7/16/2002,2,5,63.8,11843,118.43
7/16/2002,2,6,63.5,12341,123.41
7/16/2002,2,7,63.2,13917,139.17
7/16/2002,2,8,65.4,15834,158.34
7/16/2002,2,9,67.5,16978,169.78
7/16/2002,2,10,70.3,17702,177.02
7/16/2002,2,11,72.8,18216,182.16
7/16/2002,2,12,74,18484,184.84
7/16/2002,2,13,75.2,18616,186.16
7/16/2002,2,14,76.9,18802,188.02
7/16/2002,2,15,77.6,18790,187.9
7/16/2002,2,16,77.1,18709,187.09
7/16/2002,2,17,78.2,18613,186.13
7/16/2002,2,18,75.1,18253,182.53
7/16/2002,2,19,73.2,17613,176.13
7/16/2002,2,20,72.2,17033,170.33
7/16/2002,2,21,69.9,17043,170.43
7/16/2002,2,22,68.8,16653,166.53
7/16/2002,2,23,67.2,14989,149.89
7/16/2002,2,24,64.2,13248,132.48
7/17/2002,3,1,63.3,11998,119.98
7/17/2002,3,2,61.7,11303,113.03
7/17/2002,3,3,60.9,10908,109.08
7/17/2002,3,4,59.6,10723,107.23
7/17/2002,3,5,58.6,10877,108.77
7/17/2002,3,6,57.3,11469,114.69
7/17/2002,3,7,57.6,13048,130.48
7/17/2002,3,8,60.6,15022,150.22
7/17/2002,3,9,65,16360,163.6
7/17/2002,3,10,68.4,17246,172.46
7/17/2002,3,11,70.5,18045,180.45
7/17/2002,3,12,72.8,18545,185.45
7/17/2002,3,13,75.3,18852,188.52
7/17/2002,3,14,77.4,19257,192.57
7/17/2002,3,15,78.2,19526,195.26
7/17/2002,3,16,78.7,19661,196.61
7/17/2002,3,17,80.6,19810,198.1
7/17/2002,3,18,80.2,19679,196.79
7/17/2002,3,19,80.1,19192,191.92
7/17/2002,3,20,80.1,18639,186.39
7/17/2002,3,21,77.3,18721,187.21
7/17/2002,3,22,74.5,18289,182.89
7/17/2002,3,23,73.4,16607,166.07
7/17/2002,3,24,72.5,14851,148.51
7/18/2002,4,1,71.8,13553,135.53
7/18/2002,4,2,71.2,12808,128.08
7/18/2002,4,3,70.9,12397,123.97
7/18/2002,4,4,70.7,12236,122.36
7/18/2002,4,5,70.8,12386,123.86
7/18/2002,4,6,70.3,13136,131.36
7/18/2002,4,7,69.3,14756,147.56
7/18/2002,4,8,71.8,17085,170.85
7/18/2002,4,9,75.6,18884,188.84
7/18/2002,4,10,79.3,20257,202.57
7/18/2002,4,11,82.1,21433,214.33
7/18/2002,4,12,83.8,22185,221.85
7/18/2002,4,13,85.8,22566,225.66
7/18/2002,4,14,86.8,22961,229.61
7/18/2002,4,15,87.4,23081,230.81
7/18/2002,4,16,87.5,23089,230.89
7/18/2002,4,17,88.2,23090,230.9
7/18/2002,4,18,87.6,22749,227.49
7/18/2002,4,19,85,22103,221.03
7/18/2002,4,20,83.6,21478,214.78
7/18/2002,4,21,79.6,21358,213.58
7/18/2002,4,22,76.8,20671,206.71
7/18/2002,4,23,75.8,18716,187.16
7/18/2002,4,24,75.5,16705,167.05
7/19/2002,5,1,73.1,15197,151.97
7/19/2002,5,2,73,14303,143.03
7/19/2002,5,3,71.4,13667,136.67
7/19/2002,5,4,70.9,13350,133.5
7/19/2002,5,5,69.9,13341,133.41
7/19/2002,5,6,69.5,13955,139.55
7/19/2002,5,7,69.1,15359,153.59
7/19/2002,5,8,68.8,17190,171.9
7/19/2002,5,9,69.7,18400,184
7/19/2002,5,10,70.3,19216,192.16
7/19/2002,5,11,71.7,19870,198.7
7/19/2002,5,12,72.5,20248,202.48
7/19/2002,5,13,73.7,20441,204.41
7/19/2002,5,14,75.4,20715,207.15
7/19/2002,5,15,76.3,20730,207.3
7/19/2002,5,16,77.2,20481,204.81
7/19/2002,5,17,75.2,19976,199.76
7/19/2002,5,18,70.3,19376,193.76
7/19/2002,5,19,70,18691,186.91
7/19/2002,5,20,68.7,18013,180.13
7/19/2002,5,21,67.9,17656,176.56
7/19/2002,5,22,67.2,16904,169.04
7/19/2002,5,23,66.9,15481,154.81
7/19/2002,5,24,66.8,14046,140.46
7/20/2002,6,1,66.5,12872,128.72
7/20/2002,6,2,66.1,12078,120.78
7/20/2002,6,3,65.4,11610,116.1
7/20/2002,6,4,65.6,11357,113.57
7/20/2002,6,5,65.4,11313,113.13
7/20/2002,6,6,65.1,11494,114.94
7/20/2002,6,7,65.1,12027,120.27
7/20/2002,6,8,65.4,13151,131.51
7/20/2002,6,9,66.2,14437,144.37
7/20/2002,6,10,67.6,15396,153.96
7/20/2002,6,11,67.3,15836,158.36
7/20/2002,6,12,68.8,15911,159.11
7/20/2002,6,13,70.1,15813,158.13
7/20/2002,6,14,70.7,15690,156.9
7/20/2002,6,15,73.5,15599,155.99
7/20/2002,6,16,74.5,15636,156.36
7/20/2002,6,17,74.8,15763,157.63
7/20/2002,6,18,74.8,15825,158.25
7/20/2002,6,19,74,15612,156.12
7/20/2002,6,20,72.6,15227,152.27
7/20/2002,6,21,71.1,15381,153.81
7/20/2002,6,22,68.7,15253,152.53
7/20/2002,6,23,67.2,14119,141.19
7/20/2002,6,24,66.1,12809,128.09
7/21/2002,7,1,64.7,11701,117.01
7/21/2002,7,2,64.1,11029,110.29
7/21/2002,7,3,64,10619,106.19
7/21/2002,7,4,64.2,10384,103.84
7/21/2002,7,5,64.3,10308,103.08
7/21/2002,7,6,63.8,10275,102.75
7/21/2002,7,7,63.9,10545,105.45
7/21/2002,7,8,64.8,11449,114.49
7/21/2002,7,9,67.2,12767,127.67
7/21/2002,7,10,69.7,13941,139.41
7/21/2002,7,11,72,14785,147.85
7/21/2002,7,12,74.5,15425,154.25
7/21/2002,7,13,75.9,15837,158.37
7/21/2002,7,14,77.5,16053,160.53
7/21/2002,7,15,79.1,16128,161.28
7/21/2002,7,16,81.2,16288,162.88
7/21/2002,7,17,81.4,16493,164.93
7/21/2002,7,18,81,16678,166.78
7/21/2002,7,19,80,16488,164.88
7/21/2002,7,20,77.2,16149,161.49
7/21/2002,7,21,73.8,16453,164.53
7/21/2002,7,22,71,16227,162.27
7/21/2002,7,23,69.4,14864,148.64
7/21/2002,7,24,68.4,13353,133.53
7/22/2002,1,1,67.4,12391,123.91
7/22/2002,1,2,67.1,11785,117.85
7/22/2002,1,3,67.2,11510,115.1
7/22/2002,1,4,66.9,11418,114.18
7/22/2002,1,5,67.1,11591,115.91
7/22/2002,1,6,66.2,12295,122.95
7/22/2002,1,7,66.3,14006,140.06
7/22/2002,1,8,67.9,16194,161.94
7/22/2002,1,9,71.1,17840,178.4
7/22/2002,1,10,74.6,19092,190.92
7/22/2002,1,11,77.8,20146,201.46
7/22/2002,1,12,80.3,20928,209.28
7/22/2002,1,13,83,21469,214.69
7/22/2002,1,14,84.9,22038,220.38
7/22/2002,1,15,85.8,22221,222.21
7/22/2002,1,16,86.2,22308,223.08
7/22/2002,1,17,86.9,22402,224.02
7/22/2002,1,18,86.1,22218,222.18
7/22/2002,1,19,84.8,21618,216.18
7/22/2002,1,20,81.8,20831,208.31
7/22/2002,1,21,79.6,20756,207.56
7/22/2002,1,22,78.1,20096,200.96
7/22/2002,1,23,76.8,18119,181.19
7/22/2002,1,24,76.2,16164,161.64
7/23/2002,2,1,74.9,14729,147.29
7/23/2002,2,2,74.8,13952,139.52
7/23/2002,2,3,74.6,13531,135.31
7/23/2002,2,4,74.5,13317,133.17
7/23/2002,2,5,73.3,13443,134.43
7/23/2002,2,6,73.1,14134,141.34
7/23/2002,2,7,73.5,15844,158.44
7/23/2002,2,8,74.5,18087,180.87
7/23/2002,2,9,77.5,19864,198.64
7/23/2002,2,10,80.4,21323,213.23
7/23/2002,2,11,83.5,22564,225.64
7/23/2002,2,12,86.7,23488,234.88
7/23/2002,2,13,88.8,24091,240.91
7/23/2002,2,14,90.3,24563,245.63
7/23/2002,2,15,91,24539,245.39
7/23/2002,2,16,90.3,23729,237.29
7/23/2002,2,17,79.6,22416,224.16
7/23/2002,2,18,73.6,21374,213.74
7/23/2002,2,19,72.4,20553,205.53
7/23/2002,2,20,71.9,19902,199.02
7/23/2002,2,21,71.4,19639,196.39
7/23/2002,2,22,70.9,18696,186.96
7/23/2002,2,23,70.7,16906,169.06
7/23/2002,2,24,70.4,15139,151.39
7/24/2002,3,1,69.5,13807,138.07
7/24/2002,3,2,68.7,12999,129.99
7/24/2002,3,3,66.4,12444,124.44
7/24/2002,3,4,64,12066,120.66
7/24/2002,3,5,62.9,12024,120.24
7/24/2002,3,6,61.4,12579,125.79
7/24/2002,3,7,60.7,13890,138.9
7/24/2002,3,8,60.9,15464,154.64
7/24/2002,3,9,62.6,16428,164.28
7/24/2002,3,10,64.3,17050,170.5
7/24/2002,3,11,66.5,17571,175.71
7/24/2002,3,12,68.6,17793,177.93
7/24/2002,3,13,70.3,17854,178.54
7/24/2002,3,14,71.1,17961,179.61
7/24/2002,3,15,71.8,17912,179.12
7/24/2002,3,16,72.2,17805,178.05
7/24/2002,3,17,72.1,17685,176.85
7/24/2002,3,18,71.3,17311,173.11
7/24/2002,3,19,69.6,16728,167.28
7/24/2002,3,20,68.1,16149,161.49
7/24/2002,3,21,66.4,16258,162.58
7/24/2002,3,22,64.5,15845,158.45
7/24/2002,3,23,63.3,14218,142.18
7/24/2002,3,24,60.9,12584,125.84
7/25/2002,4,1,60.1,11465,114.65
7/25/2002,4,2,58.8,10802,108.02
7/25/2002,4,3,58.1,10483,104.83
7/25/2002,4,4,57.6,10319,103.19
7/25/2002,4,5,56.4,10449,104.49
7/25/2002,4,6,56.3,11068,110.68
7/25/2002,4,7,55.9,12561,125.61
7/25/2002,4,8,58.6,14441,144.41
7/25/2002,4,9,62.2,15678,156.78
7/25/2002,4,10,66.3,16448,164.48
7/25/2002,4,11,69.1,16998,169.98
7/25/2002,4,12,70.2,17270,172.7
7/25/2002,4,13,71.1,17345,173.45
7/25/2002,4,14,71.9,17493,174.93
7/25/2002,4,15,72.9,17479,174.79
7/25/2002,4,16,72.9,17408,174.08
7/25/2002,4,17,72.3,17310,173.1
7/25/2002,4,18,71.8,17023,170.23
7/25/2002,4,19,71.8,16468,164.68
7/25/2002,4,20,70.5,15956,159.56
7/25/2002,4,21,67.5,16118,161.18
7/25/2002,4,22,65.4,15663,156.63
7/25/2002,4,23,63.3,14082,140.82
7/25/2002,4,24,61.9,12518,125.18
7/26/2002,5,1,60.7,11376,113.76
7/26/2002,5,2,59.4,10729,107.29
7/26/2002,5,3,57.9,10381,103.81
7/26/2002,5,4,56.5,10221,102.21
7/26/2002,5,5,56.2,10374,103.74
7/26/2002,5,6,55.1,11009,110.09
7/26/2002,5,7,54.7,12405,124.05
7/26/2002,5,8,56.6,14201,142.01
7/26/2002,5,9,59.6,15400,154
7/26/2002,5,10,62.3,16138,161.38
7/26/2002,5,11,65.8,16581,165.81
7/26/2002,5,12,68.3,16851,168.51
7/26/2002,5,13,69.8,16832,168.32
7/26/2002,5,14,70.3,16824,168.24
7/26/2002,5,15,70.7,16658,166.58
7/26/2002,5,16,70.7,16377,163.77
7/26/2002,5,17,69.9,16103,161.03
7/26/2002,5,18,68.9,15713,157.13
7/26/2002,5,19,68.6,15246,152.46
7/26/2002,5,20,67.1,14896,148.96
7/26/2002,5,21,65.2,15125,151.25
7/26/2002,5,22,63.5,14719,147.19
7/26/2002,5,23,63.1,13448,134.48
7/26/2002,5,24,62.5,12097,120.97
7/27/2002,6,1,62.2,11081,110.81
7/27/2002,6,2,62,10477,104.77
7/27/2002,6,3,61.6,10153,101.53
7/27/2002,6,4,61.6,9989,99.89
7/27/2002,6,5,62,9995,99.95
7/27/2002,6,6,61.8,10257,102.57
7/27/2002,6,7,61.8,10802,108.02
7/27/2002,6,8,62.5,11890,118.9
7/27/2002,6,9,63.5,13213,132.13
7/27/2002,6,10,64.8,14250,142.5
7/27/2002,6,11,66,14774,147.74
7/27/2002,6,12,67.3,14895,148.95
7/27/2002,6,13,68.2,14725,147.25
7/27/2002,6,14,69,14462,144.62
7/27/2002,6,15,70,14244,142.44
7/27/2002,6,16,70.9,14109,141.09
7/27/2002,6,17,71,14153,141.53
7/27/2002,6,18,71,14260,142.6
7/27/2002,6,19,71.2,14212,142.12
7/27/2002,6,20,70.7,14128,141.28
7/27/2002,6,21,69.5,14491,144.91
7/27/2002,6,22,67.7,14311,143.11
7/27/2002,6,23,67.3,13320,133.2
7/27/2002,6,24,66.2,12163,121.63
7/28/2002,7,1,65.7,11204,112.04
7/28/2002,7,2,65.5,10601,106.01
7/28/2002,7,3,65.2,10277,102.77
7/28/2002,7,4,65,10089,100.89
7/28/2002,7,5,65,10052,100.52
7/28/2002,7,6,65.2,10119,101.19
7/28/2002,7,7,65.2,10386,103.86
7/28/2002,7,8,65.5,11180,111.8
7/28/2002,7,9,66.2,12336,123.36
7/28/2002,7,10,67.2,13412,134.12
7/28/2002,7,11,68.3,14162,141.62
7/28/2002,7,12,70.3,14657,146.57
7/28/2002,7,13,70.9,14941,149.41
7/28/2002,7,14,72.2,15031,150.31
7/28/2002,7,15,72.4,14973,149.73
7/28/2002,7,16,71.6,14982,149.82
7/28/2002,7,17,72.2,15221,152.21
7/28/2002,7,18,73.8,15559,155.59
7/28/2002,7,19,74.4,15677,156.77
7/28/2002,7,20,74.5,15751,157.51
7/28/2002,7,21,73.7,16352,163.52
7/28/2002,7,22,73,16052,160.52
7/28/2002,7,23,72.9,14904,149.04
7/28/2002,7,24,72.4,13561,135.61
7/29/2002,1,1,72.7,12558,125.58
7/29/2002,1,2,72.3,11968,119.68
7/29/2002,1,3,71.5,11686,116.86
7/29/2002,1,4,70.7,11597,115.97
7/29/2002,1,5,71.1,11849,118.49
7/29/2002,1,6,71.4,12760,127.6
7/29/2002,1,7,71.7,14544,145.44
7/29/2002,1,8,72.1,16830,168.3
7/29/2002,1,9,74.6,18723,187.23
7/29/2002,1,10,77.9,20308,203.08
7/29/2002,1,11,81.5,21574,215.74
7/29/2002,1,12,84.3,22318,223.18
7/29/2002,1,13,86.6,22748,227.48
7/29/2002,1,14,88.2,23205,232.05
7/29/2002,1,15,89.5,23404,234.04
7/29/2002,1,16,89.8,23495,234.95
7/29/2002,1,17,90,23586,235.86
7/29/2002,1,18,90.4,23431,234.31
7/29/2002,1,19,90,22914,229.14
7/29/2002,1,20,88.1,22262,222.62
7/29/2002,1,21,85.3,22207,222.07
7/29/2002,1,22,81.7,21381,213.81
7/29/2002,1,23,79.4,19241,192.41
7/29/2002,1,24,78,17063,170.63
7/30/2002,2,1,76.1,15532,155.32
7/30/2002,2,2,74.9,14567,145.67
7/30/2002,2,3,73.8,13971,139.71
7/30/2002,2,4,73.4,13659,136.59
7/30/2002,2,5,73,13726,137.26
7/30/2002,2,6,72.6,14408,144.08
7/30/2002,2,7,72.3,16057,160.57
7/30/2002,2,8,74.9,18296,182.96
7/30/2002,2,9,76.7,19992,199.92
7/30/2002,2,10,80.1,21242,212.42
7/30/2002,2,11,83.4,22391,223.91
7/30/2002,2,12,86.2,23158,231.58
7/30/2002,2,13,87.2,23617,236.17
7/30/2002,2,14,88.6,23968,239.68
7/30/2002,2,15,89.3,24125,241.25
7/30/2002,2,16,90.6,24206,242.06
7/30/2002,2,17,90.3,24229,242.29
7/30/2002,2,18,89.8,23819,238.19
7/30/2002,2,19,88.2,22981,229.81
7/30/2002,2,20,85.7,22124,221.24
7/30/2002,2,21,83.1,21954,219.54
7/30/2002,2,22,81.4,21131,211.31
7/30/2002,2,23,78.9,19029,190.29
7/30/2002,2,24,77.3,16856,168.56
7/31/2002,3,1,75.3,15237,152.37
7/31/2002,3,2,74.9,14225,142.25
7/31/2002,3,3,73.3,13606,136.06
7/31/2002,3,4,72.2,13238,132.38
7/31/2002,3,5,71,13230,132.3
7/31/2002,3,6,69.5,13810,138.1
7/31/2002,3,7,69.1,15405,154.05
7/31/2002,3,8,72,17630,176.3
7/31/2002,3,9,75.5,19319,193.19
7/31/2002,3,10,79.7,20647,206.47
7/31/2002,3,11,82.5,21765,217.65
7/31/2002,3,12,85.1,22522,225.22
7/31/2002,3,13,87.6,22924,229.24
7/31/2002,3,14,88.7,23337,233.37
7/31/2002,3,15,89.8,23525,235.25
7/31/2002,3,16,89.8,23616,236.16
7/31/2002,3,17,89.2,23699,236.99
7/31/2002,3,18,89.1,23488,234.88
7/31/2002,3,19,89.4,22840,228.4
7/31/2002,3,20,87.4,22078,220.78
7/31/2002,3,21,84,21998,219.98
7/31/2002,3,22,80.6,21145,211.45
7/31/2002,3,23,78.1,19092,190.92
7/31/2002,3,24,77.4,16970,169.7
8/1/2002,4,1,76,15456,154.56
8/1/2002,4,2,75.7,14526,145.26
8/1/2002,4,3,74,13907,139.07
8/1/2002,4,4,73.3,13580,135.8
8/1/2002,4,5,72.7,13593,135.93
8/1/2002,4,6,72.5,14204,142.04
8/1/2002,4,7,71.9,15747,157.47
8/1/2002,4,8,74.1,17924,179.24
8/1/2002,4,9,77.2,19649,196.49
8/1/2002,4,10,80.3,20998,209.98
8/1/2002,4,11,82.5,22169,221.69
8/1/2002,4,12,83.9,22922,229.22
8/1/2002,4,13,86.4,23319,233.19
8/1/2002,4,14,86.8,23710,237.1
8/1/2002,4,15,87.3,23795,237.95
8/1/2002,4,16,86.1,23741,237.41
8/1/2002,4,17,86.1,23629,236.29
8/1/2002,4,18,85.6,23167,231.67
8/1/2002,4,19,83.1,22333,223.33
8/1/2002,4,20,81.4,21549,215.49
8/1/2002,4,21,78.1,21463,214.63
8/1/2002,4,22,75.2,20544,205.44
8/1/2002,4,23,74.7,18558,185.58
8/1/2002,4,24,74,16597,165.97
8/2/2002,5,1,72.7,15051,150.51
8/2/2002,5,2,71.8,14151,141.51
8/2/2002,5,3,71,13606,136.06
8/2/2002,5,4,70.1,13307,133.07
8/2/2002,5,5,68.8,13340,133.4
8/2/2002,5,6,68.3,14009,140.09
8/2/2002,5,7,67.9,15409,154.09
8/2/2002,5,8,70,17384,173.84
8/2/2002,5,9,71.4,19016,190.16
8/2/2002,5,10,74.5,20254,202.54
8/2/2002,5,11,76.6,21254,212.54
8/2/2002,5,12,78.2,22008,220.08
8/2/2002,5,13,80.9,22443,224.43
8/2/2002,5,14,82.4,22845,228.45
8/2/2002,5,15,84.2,22919,229.19
8/2/2002,5,16,84.8,22346,223.46
8/2/2002,5,17,74.4,21312,213.12
8/2/2002,5,18,72.9,20383,203.83
8/2/2002,5,19,71.7,19345,193.45
8/2/2002,5,20,69.8,18600,186
8/2/2002,5,21,69.9,18394,183.94
8/2/2002,5,22,69.4,17567,175.67
8/2/2002,5,23,70.1,16140,161.4
8/2/2002,5,24,69.1,14648,146.48
8/3/2002,6,1,68.9,13423,134.23
8/3/2002,6,2,69.1,12654,126.54
8/3/2002,6,3,69,12228,122.28
8/3/2002,6,4,69,11945,119.45
8/3/2002,6,5,68.5,11848,118.48
8/3/2002,6,6,67.9,12012,120.12
8/3/2002,6,7,67.2,12530,125.3
8/3/2002,6,8,68.4,13824,138.24
8/3/2002,6,9,71.8,15578,155.78
8/3/2002,6,10,74,17112,171.12
8/3/2002,6,11,78.4,18280,182.8
8/3/2002,6,12,81.8,19060,190.6
8/3/2002,6,13,83.7,19446,194.46
8/3/2002,6,14,85.6,19591,195.91
8/3/2002,6,15,86.3,19678,196.78
8/3/2002,6,16,87.1,19810,198.1
8/3/2002,6,17,86.6,19970,199.7
8/3/2002,6,18,85.6,20008,200.08
8/3/2002,6,19,85.3,19672,196.72
8/3/2002,6,20,83.6,19135,191.35
8/3/2002,6,21,80.4,19207,192.07
8/3/2002,6,22,77.6,18706,187.06
8/3/2002,6,23,76.1,17248,172.48
8/3/2002,6,24,75.5,15640,156.4
8/4/2002,7,1,73.4,14321,143.21
8/4/2002,7,2,72.2,13387,133.87
8/4/2002,7,3,71.7,12762,127.62
8/4/2002,7,4,71.2,12343,123.43
8/4/2002,7,5,70.4,12104,121.04
8/4/2002,7,6,69.5,11985,119.85
8/4/2002,7,7,68.7,12156,121.56
8/4/2002,7,8,70.1,13211,132.11
8/4/2002,7,9,73.2,14815,148.15
8/4/2002,7,10,76.2,16377,163.77
8/4/2002,7,11,79.3,17666,176.66
8/4/2002,7,12,81.6,18678,186.78
8/4/2002,7,13,83.7,19286,192.86
8/4/2002,7,14,86.2,19581,195.81
8/4/2002,7,15,87.1,19792,197.92
8/4/2002,7,16,87.5,19992,199.92
8/4/2002,7,17,88.4,20172,201.72
8/4/2002,7,18,88.4,20222,202.22
8/4/2002,7,19,87,19925,199.25
8/4/2002,7,20,83.9,19590,195.9
8/4/2002,7,21,81.4,19995,199.95
8/4/2002,7,22,79.4,19423,194.23
8/4/2002,7,23,77.2,17835,178.35
8/4/2002,7,24,76.2,16169,161.69
8/5/2002,1,1,75.5,14985,149.85
8/5/2002,1,2,75.1,14328,143.28
8/5/2002,1,3,74.7,13935,139.35
8/5/2002,1,4,74.5,13767,137.67
8/5/2002,1,5,74.3,13932,139.32
8/5/2002,1,6,74,14797,147.97
8/5/2002,1,7,74.4,16417,164.17
8/5/2002,1,8,74.6,18431,184.31
8/5/2002,1,9,75.5,19885,198.85
8/5/2002,1,10,77,20958,209.58
8/5/2002,1,11,79.2,21914,219.14
8/5/2002,1,12,81.9,22604,226.04
8/5/2002,1,13,83.6,23093,230.93
8/5/2002,1,14,86.2,23606,236.06
8/5/2002,1,15,87,23777,237.77
8/5/2002,1,16,87.4,23784,237.84
8/5/2002,1,17,87.2,23767,237.67
8/5/2002,1,18,87,23496,234.96
8/5/2002,1,19,85.9,22814,228.14
8/5/2002,1,20,81.7,22168,221.68
8/5/2002,1,21,80,22162,221.62
8/5/2002,1,22,78.5,21082,210.82
8/5/2002,1,23,76.9,18975,189.75
8/5/2002,1,24,76.8,16913,169.13
8/6/2002,2,1,75.9,15325,153.25
8/6/2002,2,2,74.4,14461,144.61
8/6/2002,2,3,73,13886,138.86
8/6/2002,2,4,72.8,13500,135
8/6/2002,2,5,70.9,13435,134.35
8/6/2002,2,6,69.5,13895,138.95
8/6/2002,2,7,67.7,15043,150.43
8/6/2002,2,8,67.3,16544,165.44
8/6/2002,2,9,67.6,17460,174.6
8/6/2002,2,10,68.1,17905,179.05
8/6/2002,2,11,69.1,18130,181.3
8/6/2002,2,12,69.3,18160,181.6
8/6/2002,2,13,70.8,17983,179.83
8/6/2002,2,14,71.2,17959,179.59
8/6/2002,2,15,71.7,17824,178.24
8/6/2002,2,16,71.6,17607,176.07
8/6/2002,2,17,72.5,17459,174.59
8/6/2002,2,18,72.3,17149,171.49
8/6/2002,2,19,70.9,16596,165.96
8/6/2002,2,20,69,16138,161.38
8/6/2002,2,21,66.8,16419,164.19
8/6/2002,2,22,64.5,15705,157.05
8/6/2002,2,23,63.1,14122,141.22
8/6/2002,2,24,62.2,12617,126.17
8/7/2002,3,1,62.3,11524,115.24
8/7/2002,3,2,61.7,10925,109.25
8/7/2002,3,3,61.1,10626,106.26
8/7/2002,3,4,60.3,10505,105.05
8/7/2002,3,5,59.6,10665,106.65
8/7/2002,3,6,58.3,11377,113.77
8/7/2002,3,7,58.3,12773,127.73
8/7/2002,3,8,60.5,14589,145.89
8/7/2002,3,9,63.6,15770,157.7
8/7/2002,3,10,66.8,16546,165.46
8/7/2002,3,11,69.3,17105,171.05
8/7/2002,3,12,71.6,17401,174.01
8/7/2002,3,13,73.6,17504,175.04
8/7/2002,3,14,75.2,17696,176.96
8/7/2002,3,15,76.2,17711,177.11
8/7/2002,3,16,76.9,17602,176.02
8/7/2002,3,17,77.2,17567,175.67
8/7/2002,3,18,77.6,17356,173.56
8/7/2002,3,19,77.3,16850,168.5
8/7/2002,3,20,75.7,16405,164.05
8/7/2002,3,21,72.1,16725,167.25
8/7/2002,3,22,68.7,16022,160.22
8/7/2002,3,23,68.4,14419,144.19
8/7/2002,3,24,66,12855,128.55
8/8/2002,4,1,63.9,11693,116.93
8/8/2002,4,2,62.7,11047,110.47
8/8/2002,4,3,61.4,10709,107.09
8/8/2002,4,4,60.3,10535,105.35
8/8/2002,4,5,59.8,10685,106.85
8/8/2002,4,6,59.5,11421,114.21
8/8/2002,4,7,58,12790,127.9
8/8/2002,4,8,60.7,14664,146.64
8/8/2002,4,9,64.7,15963,159.63
8/8/2002,4,10,68.2,16823,168.23
8/8/2002,4,11,71,17420,174.2
8/8/2002,4,12,73.5,17727,177.27
8/8/2002,4,13,73.7,17802,178.02
8/8/2002,4,14,75.3,17957,179.57
8/8/2002,4,15,76.4,17937,179.37
8/8/2002,4,16,76.4,17827,178.27
8/8/2002,4,17,75.8,17750,177.5
8/8/2002,4,18,75.8,17480,174.8
8/8/2002,4,19,76.4,16985,169.85
8/8/2002,4,20,74.5,16513,165.13
8/8/2002,4,21,70.9,16808,168.08
8/8/2002,4,22,69.1,16130,161.3
8/8/2002,4,23,68.3,14510,145.1
8/8/2002,4,24,65.9,12932,129.32
8/9/2002,5,1,64,11749,117.49
8/9/2002,5,2,62.9,11099,110.99
8/9/2002,5,3,61.5,10731,107.31
8/9/2002,5,4,60,10573,105.73
8/9/2002,5,5,58.3,10681,106.81
8/9/2002,5,6,58.5,11319,113.19
8/9/2002,5,7,57.9,12593,125.93
8/9/2002,5,8,60.6,14451,144.51
8/9/2002,5,9,64.8,15860,158.6
8/9/2002,5,10,68.6,16837,168.37
8/9/2002,5,11,72.3,17496,174.96
8/9/2002,5,12,75,17800,178
8/9/2002,5,13,76.9,17910,179.1
8/9/2002,5,14,77.4,18078,180.78
8/9/2002,5,15,78.1,18086,180.86
8/9/2002,5,16,78.7,18007,180.07
8/9/2002,5,17,79.6,17908,179.08
8/9/2002,5,18,78.8,17604,176.04
8/9/2002,5,19,77.5,16986,169.86
8/9/2002,5,20,75.8,16480,164.8
8/9/2002,5,21,72.3,16627,166.27
8/9/2002,5,22,70.7,15977,159.77
8/9/2002,5,23,68.9,14608,146.08
8/9/2002,5,24,67.6,13118,131.18
8/10/2002,6,1,66.4,11972,119.72
8/10/2002,6,2,65.3,11259,112.59
8/10/2002,6,3,63.3,10810,108.1
8/10/2002,6,4,61.9,10560,105.6
8/10/2002,6,5,62.3,10515,105.15
8/10/2002,6,6,61.5,10703,107.03
8/10/2002,6,7,61.4,11151,111.51
8/10/2002,6,8,63.5,12338,123.38
8/10/2002,6,9,67.3,13825,138.25
8/10/2002,6,10,70.6,15034,150.34
8/10/2002,6,11,74.6,15812,158.12
8/10/2002,6,12,77.9,16277,162.77
8/10/2002,6,13,79.8,16554,165.54
8/10/2002,6,14,81.8,16674,166.74
8/10/2002,6,15,83.1,16797,167.97
8/10/2002,6,16,84,16953,169.53
8/10/2002,6,17,83.1,17219,172.19
8/10/2002,6,18,83.2,17285,172.85
8/10/2002,6,19,83.8,17018,170.18
8/10/2002,6,20,81.9,16654,166.54
8/10/2002,6,21,78.5,16987,169.87
8/10/2002,6,22,75.3,16438,164.38
8/10/2002,6,23,72.7,15211,152.11
8/10/2002,6,24,71.3,13817,138.17
8/11/2002,7,1,69.6,12652,126.52
8/11/2002,7,2,68.2,11872,118.72
8/11/2002,7,3,67.7,11370,113.7
8/11/2002,7,4,66.7,11055,110.55
8/11/2002,7,5,65.4,10891,108.91
8/11/2002,7,6,64.6,10893,108.93
8/11/2002,7,7,64.7,11018,110.18
8/11/2002,7,8,65.5,12011,120.11
8/11/2002,7,9,69.6,13481,134.81
8/11/2002,7,10,73.6,14854,148.54
8/11/2002,7,11,77.4,16012,160.12
8/11/2002,7,12,80.8,16985,169.85
8/11/2002,7,13,82.9,17709,177.09
8/11/2002,7,14,85.2,18099,180.99
8/11/2002,7,15,86.5,18357,183.57
8/11/2002,7,16,88,18654,186.54
8/11/2002,7,17,89,18949,189.49
8/11/2002,7,18,88.5,19111,191.11
8/11/2002,7,19,86.7,18856,188.56
8/11/2002,7,20,84,18495,184.95
8/11/2002,7,21,80,18918,189.18
8/11/2002,7,22,76.7,18196,181.96
8/11/2002,7,23,74.4,16587,165.87
8/11/2002,7,24,73.1,14983,149.83
8/12/2002,1,1,71.5,13793,137.93
8/12/2002,1,2,70.5,13057,130.57
8/12/2002,1,3,69.5,12616,126.16
8/12/2002,1,4,69,12360,123.6
8/12/2002,1,5,68.3,12441,124.41
8/12/2002,1,6,68,13138,131.38
8/12/2002,1,7,67.5,14530,145.3
8/12/2002,1,8,68.4,16620,166.2
8/12/2002,1,9,71.7,18392,183.92
8/12/2002,1,10,74.8,19740,197.4
8/12/2002,1,11,79.1,20985,209.85
8/12/2002,1,12,82.9,22004,220.04
8/12/2002,1,13,85.4,22725,227.25
8/12/2002,1,14,88.1,23334,233.34
8/12/2002,1,15,88.4,23603,236.03
8/12/2002,1,16,88.9,23726,237.26
8/12/2002,1,17,89.1,23724,237.24
8/12/2002,1,18,88.6,23438,234.38
8/12/2002,1,19,87.7,22770,227.7
8/12/2002,1,20,85.7,22097,220.97
8/12/2002,1,21,82.7,22155,221.55
8/12/2002,1,22,79.6,20932,209.32
8/12/2002,1,23,77.3,18816,188.16
8/12/2002,1,24,75.7,16802,168.02
8/13/2002,2,1,74.3,15350,153.5
8/13/2002,2,2,73.1,14433,144.33
8/13/2002,2,3,72.7,13916,139.16
8/13/2002,2,4,71.4,13600,136
8/13/2002,2,5,70.4,13618,136.18
8/13/2002,2,6,69.9,14273,142.73
8/13/2002,2,7,69.9,15690,156.9
8/13/2002,2,8,71.5,17735,177.35
8/13/2002,2,9,75.6,19508,195.08
8/13/2002,2,10,79.1,20976,209.76
8/13/2002,2,11,82.9,22407,224.07
8/13/2002,2,12,85.7,23460,234.6
8/13/2002,2,13,88.1,24155,241.55
8/13/2002,2,14,90.9,24700,247
8/13/2002,2,15,90.9,24838,248.38
8/13/2002,2,16,91.7,24735,247.35
8/13/2002,2,17,92,24532,245.32
8/13/2002,2,18,91.1,24153,241.53
8/13/2002,2,19,88.8,23505,235.05
8/13/2002,2,20,86.6,22995,229.95
8/13/2002,2,21,84.3,23092,230.92
8/13/2002,2,22,81.9,21895,218.95
8/13/2002,2,23,79.8,19770,197.7
8/13/2002,2,24,77.8,17751,177.51
8/14/2002,3,1,77.1,16266,162.66
8/14/2002,3,2,76.6,15319,153.19
8/14/2002,3,3,74.9,14763,147.63
8/14/2002,3,4,74.2,14394,143.94
8/14/2002,3,5,73.2,14410,144.1
8/14/2002,3,6,71.9,15063,150.63
8/14/2002,3,7,71.6,16520,165.2
8/14/2002,3,8,72.8,18570,185.7
8/14/2002,3,9,75.7,20307,203.07
8/14/2002,3,10,79.4,21764,217.64
8/14/2002,3,11,83.5,23077,230.77
8/14/2002,3,12,87.2,24104,241.04
8/14/2002,3,13,90.3,24760,247.6
8/14/2002,3,14,92.9,25219,252.19
8/14/2002,3,15,93.5,25348,253.48
8/14/2002,3,16,95.3,25277,252.77
8/14/2002,3,17,95.2,25154,251.54
8/14/2002,3,18,93.8,24605,246.05
8/14/2002,3,19,91,23861,238.61
8/14/2002,3,20,87.4,23349,233.49
8/14/2002,3,21,84,23404,234.04
8/14/2002,3,22,81.1,22226,222.26
8/14/2002,3,23,79.4,20073,200.73
8/14/2002,3,24,78.4,17991,179.91
8/15/2002,4,1,77.4,16454,164.54
8/15/2002,4,2,75.6,15442,154.42
8/15/2002,4,3,75.2,14862,148.62
8/15/2002,4,4,74.1,14528,145.28
8/15/2002,4,5,72.9,14547,145.47
8/15/2002,4,6,71.9,15245,152.45
8/15/2002,4,7,71.4,16666,166.66
8/15/2002,4,8,72.1,18665,186.65
8/15/2002,4,9,74.4,20188,201.88
8/15/2002,4,10,77,21415,214.15
8/15/2002,4,11,80.6,22515,225.15
8/15/2002,4,12,83.2,23330,233.3
8/15/2002,4,13,86.4,23847,238.47
8/15/2002,4,14,87.9,24356,243.56
8/15/2002,4,15,89.8,24583,245.83
8/15/2002,4,16,89.9,24603,246.03
8/15/2002,4,17,90,24464,244.64
8/15/2002,4,18,87.8,23979,239.79
8/15/2002,4,19,85.7,23219,232.19
8/15/2002,4,20,83.3,22632,226.32
8/15/2002,4,21,80.7,22779,227.79
8/15/2002,4,22,79.1,21706,217.06
8/15/2002,4,23,77.8,19741,197.41
8/15/2002,4,24,77.2,17814,178.14
8/16/2002,5,1,76.6,16415,164.15
8/16/2002,5,2,76,15570,155.7
8/16/2002,5,3,76.1,15089,150.89
8/16/2002,5,4,76,14876,148.76
8/16/2002,5,5,75.7,15022,150.22
8/16/2002,5,6,75.8,15828,158.28
8/16/2002,5,7,75.2,17328,173.28
8/16/2002,5,8,75.5,19151,191.51
8/16/2002,5,9,76.4,20546,205.46
8/16/2002,5,10,77.9,21721,217.21
8/16/2002,5,11,80.6,22870,228.7
8/16/2002,5,12,83.7,23692,236.92
8/16/2002,5,13,87,24145,241.45
8/16/2002,5,14,89.2,24445,244.45
8/16/2002,5,15,89.6,24506,245.06
8/16/2002,5,16,90.9,24315,243.15
8/16/2002,5,17,91,23967,239.67
8/16/2002,5,18,88.6,23263,232.63
8/16/2002,5,19,86,22392,223.92
8/16/2002,5,20,84.7,21840,218.4
8/16/2002,5,21,81.7,21664,216.64
8/16/2002,5,22,80.9,20608,206.08
8/16/2002,5,23,80.1,18999,189.99
8/16/2002,5,24,78.2,17290,172.9
8/17/2002,6,1,77.6,15869,158.69
8/17/2002,6,2,76.6,14983,149.83
8/17/2002,6,3,75.6,14386,143.86
8/17/2002,6,4,75,14003,140.03
8/17/2002,6,5,74.2,13829,138.29
8/17/2002,6,6,72.5,13957,139.57
8/17/2002,6,7,72.7,14375,143.75
8/17/2002,6,8,73.8,15743,157.43
8/17/2002,6,9,77.2,17641,176.41
8/17/2002,6,10,80.8,19225,192.25
8/17/2002,6,11,82.8,20317,203.17
8/17/2002,6,12,84.7,20916,209.16
8/17/2002,6,13,86.3,21141,211.41
8/17/2002,6,14,87.9,21278,212.78
8/17/2002,6,15,89.8,21348,213.48
8/17/2002,6,16,90.9,21388,213.88
8/17/2002,6,17,91.4,21385,213.85
8/17/2002,6,18,91.3,21206,212.06
8/17/2002,6,19,89.1,20637,206.37
8/17/2002,6,20,87.3,20149,201.49
8/17/2002,6,21,83.4,20354,203.54
8/17/2002,6,22,80.7,19508,195.08
8/17/2002,6,23,79.4,18038,180.38
8/17/2002,6,24,78.5,16471,164.71
8/18/2002,7,1,77.3,15093,150.93
8/18/2002,7,2,75.7,14258,142.58
8/18/2002,7,3,75.4,13674,136.74
8/18/2002,7,4,74.2,13292,132.92
8/18/2002,7,5,73.5,13119,131.19
8/18/2002,7,6,73.3,13176,131.76
8/18/2002,7,7,72.7,13345,133.45
8/18/2002,7,8,73.2,14155,141.55
8/18/2002,7,9,74.8,15581,155.81
8/18/2002,7,10,77.4,17158,171.58
8/18/2002,7,11,81.9,18621,186.21
8/18/2002,7,12,85.5,19770,197.7
8/18/2002,7,13,87.8,20546,205.46
8/18/2002,7,14,89.3,20901,209.01
8/18/2002,7,15,91.9,21060,210.6
8/18/2002,7,16,92.4,21198,211.98
8/18/2002,7,17,90.8,21381,213.81
8/18/2002,7,18,90.5,21452,214.52
8/18/2002,7,19,89.3,21132,211.32
8/18/2002,7,20,87.4,20905,209.05
8/18/2002,7,21,84.4,21357,213.57
8/18/2002,7,22,82.2,20448,204.48
8/18/2002,7,23,81.1,18751,187.51
8/18/2002,7,24,80,17054,170.54
8/19/2002,1,1,77.3,15793,157.93
8/19/2002,1,2,77.1,14991,149.91
8/19/2002,1,3,77,14495,144.95
8/19/2002,1,4,76.7,14185,141.85
8/19/2002,1,5,74.5,14202,142.02
8/19/2002,1,6,74,14820,148.2
8/19/2002,1,7,72.6,16093,160.93
8/19/2002,1,8,72.8,17927,179.27
8/19/2002,1,9,74.6,19468,194.68
8/19/2002,1,10,76.9,20602,206.02
8/19/2002,1,11,79.3,21507,215.07
8/19/2002,1,12,81.4,22185,221.85
8/19/2002,1,13,83.1,22693,226.93
8/19/2002,1,14,84.9,23189,231.89
8/19/2002,1,15,86,23338,233.38
8/19/2002,1,16,85.9,23303,233.03
8/19/2002,1,17,86.3,23245,232.45
8/19/2002,1,18,85,22873,228.73
8/19/2002,1,19,83.6,22054,220.54
8/19/2002,1,20,81.3,21399,213.99
8/19/2002,1,21,77.8,21430,214.3
8/19/2002,1,22,74.2,20062,200.62
8/19/2002,1,23,72.8,17983,179.83
8/19/2002,1,24,71,15991,159.91
8/20/2002,2,1,71.8,14580,145.8
8/20/2002,2,2,68.9,13715,137.15
8/20/2002,2,3,69.5,13249,132.49
8/20/2002,2,4,70.9,13000,130
8/20/2002,2,5,70.8,13074,130.74
8/20/2002,2,6,66.7,13811,138.11
8/20/2002,2,7,66.1,15180,151.8
8/20/2002,2,8,65,16620,166.2
8/20/2002,2,9,64.8,17568,175.68
8/20/2002,2,10,65.2,18151,181.51
8/20/2002,2,11,65.8,18566,185.66
8/20/2002,2,12,68.2,18843,188.43
8/20/2002,2,13,70.6,18964,189.64
8/20/2002,2,14,73.4,19169,191.69
8/20/2002,2,15,74,19180,191.8
8/20/2002,2,16,76,19051,190.51
8/20/2002,2,17,76.6,19010,190.1
8/20/2002,2,18,76.5,18760,187.6
8/20/2002,2,19,75.6,18175,181.75
8/20/2002,2,20,73.4,17817,178.17
8/20/2002,2,21,71.8,18105,181.05
8/20/2002,2,22,69.1,17071,170.71
8/20/2002,2,23,68.4,15352,153.52
8/20/2002,2,24,66.9,13649,136.49
8/21/2002,3,1,66.2,12470,124.7
8/21/2002,3,2,65,11753,117.53
8/21/2002,3,3,64.5,11335,113.35
8/21/2002,3,4,63,11105,111.05
8/21/2002,3,5,61.9,11302,113.02
8/21/2002,3,6,61.2,12085,120.85
8/21/2002,3,7,60.8,13398,133.98
8/21/2002,3,8,62.2,15141,151.41
8/21/2002,3,9,65.9,16477,164.77
8/21/2002,3,10,69.6,17368,173.68
8/21/2002,3,11,72.6,18071,180.71
8/21/2002,3,12,74.9,18485,184.85
8/21/2002,3,13,76.7,18704,187.04
8/21/2002,3,14,77.5,19012,190.12
8/21/2002,3,15,78.3,19146,191.46
8/21/2002,3,16,78.3,19182,191.82
8/21/2002,3,17,78.3,19100,191
8/21/2002,3,18,78.5,18769,187.69
8/21/2002,3,19,77.5,18120,181.2
8/21/2002,3,20,75.3,17699,176.99
8/21/2002,3,21,72.3,17905,179.05
8/21/2002,3,22,69.8,16868,168.68
8/21/2002,3,23,68.3,15163,151.63
8/21/2002,3,24,67.9,13566,135.66
8/22/2002,4,1,65.9,12369,123.69
8/22/2002,4,2,64.7,11654,116.54
8/22/2002,4,3,62.6,11292,112.92
8/22/2002,4,4,62.9,11131,111.31
8/22/2002,4,5,62.3,11300,113
8/22/2002,4,6,61.6,12084,120.84
8/22/2002,4,7,62,13505,135.05
8/22/2002,4,8,62.9,15292,152.92
8/22/2002,4,9,66.2,16716,167.16
8/22/2002,4,10,70.6,17758,177.58
8/22/2002,4,11,73.7,18528,185.28
8/22/2002,4,12,77.9,18961,189.61
8/22/2002,4,13,79.9,19215,192.15
8/22/2002,4,14,80,19479,194.79
8/22/2002,4,15,80.4,19472,194.72
8/22/2002,4,16,80.7,19250,192.5
8/22/2002,4,17,79.6,18963,189.63
8/22/2002,4,18,77.8,18625,186.25
8/22/2002,4,19,76.5,18224,182.24
8/22/2002,4,20,74,18194,181.94
8/22/2002,4,21,72.6,18107,181.07
8/22/2002,4,22,70.8,17166,171.66
8/22/2002,4,23,70,15602,156.02
8/22/2002,4,24,68.7,14109,141.09
8/23/2002,5,1,68.5,13036,130.36
8/23/2002,5,2,68.9,12381,123.81
8/23/2002,5,3,68.9,12047,120.47
8/23/2002,5,4,68.8,11906,119.06
8/23/2002,5,5,68.6,12092,120.92
8/23/2002,5,6,68.4,12950,129.5
8/23/2002,5,7,67.9,14426,144.26
8/23/2002,5,8,67.2,16021,160.21
8/23/2002,5,9,66.9,17111,171.11
8/23/2002,5,10,66.6,17711,177.11
8/23/2002,5,11,66.3,17997,179.97
8/23/2002,5,12,67.7,18037,180.37
8/23/2002,5,13,69.1,17854,178.54
8/23/2002,5,14,70.3,17821,178.21
8/23/2002,5,15,71.7,17682,176.82
8/23/2002,5,16,73.6,17469,174.69
8/23/2002,5,17,72.9,17266,172.66
8/23/2002,5,18,72.7,16835,168.35
8/23/2002,5,19,71.3,16258,162.58
8/23/2002,5,20,69.4,16018,160.18
8/23/2002,5,21,66.8,16217,162.17
8/23/2002,5,22,64.8,15373,153.73
8/23/2002,5,23,63.3,14004,140.04
8/23/2002,5,24,62.7,12529,125.29
8/24/2002,6,1,59.8,11422,114.22
8/24/2002,6,2,58.8,10757,107.57
8/24/2002,6,3,57.8,10366,103.66
8/24/2002,6,4,57.9,10144,101.44
8/24/2002,6,5,57.6,10121,101.21
8/24/2002,6,6,58.1,10406,104.06
8/24/2002,6,7,57.8,10877,108.77
8/24/2002,6,8,58.7,11880,118.8
8/24/2002,6,9,60.2,13123,131.23
8/24/2002,6,10,61.7,14037,140.37
8/24/2002,6,11,63.1,14529,145.29
8/24/2002,6,12,64.2,14601,146.01
8/24/2002,6,13,65.5,14442,144.42
8/24/2002,6,14,65.4,14180,141.8
8/24/2002,6,15,65.4,13921,139.21
8/24/2002,6,16,65.6,13746,137.46
8/24/2002,6,17,65.2,13772,137.72
8/24/2002,6,18,65.3,13953,139.53
8/24/2002,6,19,63.3,14081,140.81
8/24/2002,6,20,62.2,14330,143.3
8/24/2002,6,21,60.8,14323,143.23
8/24/2002,6,22,59.4,13703,137.03
8/24/2002,6,23,58.2,12679,126.79
8/24/2002,6,24,57.9,11557,115.57
8/25/2002,7,1,57.5,10640,106.4
8/25/2002,7,2,57.5,10063,100.63
8/25/2002,7,3,57.3,9751,97.51
8/25/2002,7,4,57.3,9560,95.6
8/25/2002,7,5,57.3,9534,95.34
8/25/2002,7,6,57.3,9668,96.68
8/25/2002,7,7,57.5,9869,98.69
8/25/2002,7,8,57.5,10613,106.13
8/25/2002,7,9,59.5,11805,118.05
8/25/2002,7,10,62.5,12824,128.24
8/25/2002,7,11,66.1,13574,135.74
8/25/2002,7,12,69.5,14055,140.55
8/25/2002,7,13,72.4,14268,142.68
8/25/2002,7,14,74.9,14345,143.45
8/25/2002,7,15,76.5,14366,143.66
8/25/2002,7,16,77.3,14484,144.84
8/25/2002,7,17,78.2,14763,147.63
8/25/2002,7,18,77.3,15003,150.03
8/25/2002,7,19,78.3,14963,149.63
8/25/2002,7,20,75.2,15145,151.45
8/25/2002,7,21,71.1,15723,157.23
8/25/2002,7,22,69.9,14969,149.69
8/25/2002,7,23,67.3,13584,135.84
8/25/2002,7,24,66.5,12283,122.83
8/26/2002,1,1,66,11329,113.29
8/26/2002,1,2,65.1,10785,107.85
8/26/2002,1,3,63.9,10521,105.21
8/26/2002,1,4,62.2,10415,104.15
8/26/2002,1,5,60.8,10608,106.08
8/26/2002,1,6,59.7,11444,114.44
8/26/2002,1,7,58.9,12867,128.67
8/26/2002,1,8,59.8,14659,146.59
8/26/2002,1,9,64,16059,160.59
8/26/2002,1,10,68.6,17043,170.43
8/26/2002,1,11,72.3,17829,178.29
8/26/2002,1,12,75.1,18332,183.32
8/26/2002,1,13,76.5,18574,185.74
8/26/2002,1,14,78.6,18845,188.45
8/26/2002,1,15,79.8,18923,189.23
8/26/2002,1,16,79.7,18825,188.25
8/26/2002,1,17,79.3,18659,186.59
8/26/2002,1,18,78.9,18318,183.18
8/26/2002,1,19,78.6,17842,178.42
8/26/2002,1,20,76.9,17853,178.53
8/26/2002,1,21,73.8,18049,180.49
8/26/2002,1,22,71.6,16919,169.19
8/26/2002,1,23,70.3,15185,151.85
8/26/2002,1,24,69,13544,135.44
8/27/2002,2,1,67.4,12388,123.88
8/27/2002,2,2,66.7,11705,117.05
8/27/2002,2,3,65.8,11304,113.04
8/27/2002,2,4,65.1,11128,111.28
8/27/2002,2,5,63.2,11255,112.55
8/27/2002,2,6,63.3,12097,120.97
8/27/2002,2,7,63.3,13592,135.92
8/27/2002,2,8,64.1,15279,152.79
8/27/2002,2,9,67.4,16514,165.14
8/27/2002,2,10,70.8,17463,174.63
8/27/2002,2,11,74.7,18233,182.33
8/27/2002,2,12,77,18693,186.93
8/27/2002,2,13,78.4,18892,188.92
8/27/2002,2,14,79,19132,191.32
8/27/2002,2,15,79.4,19137,191.37
8/27/2002,2,16,79.8,19011,190.11
8/27/2002,2,17,79.3,18835,188.35
8/27/2002,2,18,78.2,18440,184.4
8/27/2002,2,19,76.4,17807,178.07
8/27/2002,2,20,73.5,17822,178.22
8/27/2002,2,21,70.6,17965,179.65
8/27/2002,2,22,69,16717,167.17
8/27/2002,2,23,68,14897,148.97
8/27/2002,2,24,67.4,13255,132.55
8/28/2002,3,1,65.2,12150,121.5
8/28/2002,3,2,64.3,11485,114.85
8/28/2002,3,3,63.6,11093,110.93
8/28/2002,3,4,62.5,10910,109.1
8/28/2002,3,5,61.1,11042,110.42
8/28/2002,3,6,60.3,11937,119.37
8/28/2002,3,7,59.4,13570,135.7
8/28/2002,3,8,59.9,15048,150.48
8/28/2002,3,9,60.9,15930,159.3
8/28/2002,3,10,63.3,16579,165.79
8/28/2002,3,11,64.8,17056,170.56
8/28/2002,3,12,67,17272,172.72
8/28/2002,3,13,68,17295,172.95
8/28/2002,3,14,70,17354,173.54
8/28/2002,3,15,70.1,17306,173.06
8/28/2002,3,16,70.9,17123,171.23
8/28/2002,3,17,70.3,16936,169.36
8/28/2002,3,18,69.7,16646,166.46
8/28/2002,3,19,68,16325,163.25
8/28/2002,3,20,66.6,16589,165.89
8/28/2002,3,21,65,16596,165.96
8/28/2002,3,22,64,15524,155.24
8/28/2002,3,23,62.9,13887,138.87
8/28/2002,3,24,62.2,12385,123.85
8/29/2002,4,1,61.1,11323,113.23
8/29/2002,4,2,60.8,10758,107.58
8/29/2002,4,3,60.3,10502,105.02
8/29/2002,4,4,60.3,10417,104.17
8/29/2002,4,5,59.9,10614,106.14
8/29/2002,4,6,59.5,11561,115.61
8/29/2002,4,7,59.3,13402,134.02
8/29/2002,4,8,59.5,14969,149.69
8/29/2002,4,9,59.9,15907,159.07
8/29/2002,4,10,60.8,16501,165.01
8/29/2002,4,11,61.4,16878,168.78
8/29/2002,4,12,61.4,16915,169.15
8/29/2002,4,13,60.7,16813,168.13
8/29/2002,4,14,60.6,16726,167.26
8/29/2002,4,15,60.6,16584,165.84
8/29/2002,4,16,60.5,16357,163.57
8/29/2002,4,17,59.9,16360,163.6
8/29/2002,4,18,60.1,16411,164.11
8/29/2002,4,19,59.4,16291,162.91
8/29/2002,4,20,59.7,16362,163.62
8/29/2002,4,21,59.7,16062,160.62
8/29/2002,4,22,59.1,14999,149.99
8/29/2002,4,23,58.8,13482,134.82
8/29/2002,4,24,58.2,12073,120.73
8/30/2002,5,1,58,11039,110.39
8/30/2002,5,2,58,10465,104.65
8/30/2002,5,3,57.9,10169,101.69
8/30/2002,5,4,57.7,10060,100.6
8/30/2002,5,5,57.8,10215,102.15
8/30/2002,5,6,57.8,11078,110.78
8/30/2002,5,7,57.6,12783,127.83
8/30/2002,5,8,57.7,14350,143.5
8/30/2002,5,9,58.3,15375,153.75
8/30/2002,5,10,59.5,16028,160.28
8/30/2002,5,11,60.6,16432,164.32
8/30/2002,5,12,62.5,16539,165.39
8/30/2002,5,13,64.7,16474,164.74
8/30/2002,5,14,66.9,16479,164.79
8/30/2002,5,15,68.8,16397,163.97
8/30/2002,5,16,70.3,16257,162.57
8/30/2002,5,17,72.1,16162,161.62
8/30/2002,5,18,72.3,15940,159.4
8/30/2002,5,19,72.2,15559,155.59
8/30/2002,5,20,70.6,15604,156.04
8/30/2002,5,21,67.8,15766,157.66
8/30/2002,5,22,65.7,14894,148.94
8/30/2002,5,23,64.4,13535,135.35
8/30/2002,5,24,63.5,12134,121.34
8/31/2002,6,1,62.5,11041,110.41
8/31/2002,6,2,63.2,10396,103.96
8/31/2002,6,3,62,10035,100.35
8/31/2002,6,4,61.9,9844,98.44
8/31/2002,6,5,60.8,9832,98.32
8/31/2002,6,6,61,10107,101.07
8/31/2002,6,7,61.6,10559,105.59
8/31/2002,6,8,62,11459,114.59
8/31/2002,6,9,62.2,12722,127.22
8/31/2002,6,10,62.9,13658,136.58
8/31/2002,6,11,63.7,14119,141.19
8/31/2002,6,12,65.2,14199,141.99
8/31/2002,6,13,67.5,14046,140.46
8/31/2002,6,14,67.6,13773,137.73
8/31/2002,6,15,67.8,13530,135.3
8/31/2002,6,16,68.1,13358,133.58
8/31/2002,6,17,68.2,13299,132.99
8/31/2002,6,18,67.2,13318,133.18
8/31/2002,6,19,65.3,13228,132.28
8/31/2002,6,20,63,13547,135.47
8/31/2002,6,21,60.2,13802,138.02
8/31/2002,6,22,58.5,13155,131.55
8/31/2002,6,23,56.8,12120,121.2
8/31/2002,6,24,54.9,10971,109.71
