"customer_id","variant","profit"
695630801,"control",16.3248779409577
673714370,"control",15.2349405856858
124698670,"control",11.0979955205091
8492352,"control",11.1658602759431
287116570,"control",12.2566753961821
346437293,"treatment",18.2794170136258
1388891376,"control",18.3234459559227
94224953,"treatment",21.3937304794867
68980208,"control",11.1820631707913
707432162,"treatment",16.5429734127169
22053983,"treatment",19.6273856421363
1381835624,"control",17.9150239561779
1142915717,"treatment",22.7537681842595
251976037,"treatment",20.0937206425631
349960243,"treatment",15.4875145689558
628082590,"control",10.0406101273275
919290468,"control",11.1768640495603
1090561222,"control",12.1009490534967
1054046853,"treatment",16.6366664375251
476685428,"control",17.074973333318
93392871,"treatment",19.1690566657688
198236015,"treatment",20.2732992042442
987148130,"control",12.97423559298
260318294,"treatment",17.5391471403166
777322568,"treatment",17.0849028616747
2177936526,"control",12.322501472702
2682016607,"treatment",21.7845184584082
2316923323,"control",11.622173890354
698011411,"treatment",20.7930693687622
389049787,"treatment",20.489546855169
343030543,"treatment",17.999221407781
1272329109,"treatment",15.3175420653476
173234661,"control",16.1037000027963
170006287,"treatment",20.4014795894868
108424905,"control",15.6893875889597
355977391,"treatment",18.278030116579
1437383524,"control",11.348144819074
1719590377,"control",23.1570575810958
433606412,"control",10.0409781979626
258183939,"treatment",25.3393889439024
1340985824,"control",13.8088865559882
1676815432,"control",10.1891269541975
1616575374,"treatment",15.8811126096192
808408472,"treatment",16.961005943645
396385332,"treatment",18.0303742630481
449152062,"control",14.8193969626604
110720071,"control",12.7324901207906
251945545,"treatment",15.1729352540664
540303186,"control",15.4950104294637
868212765,"treatment",15.6462509086913
844318915,"control",11.7554643696922
1297090772,"treatment",18.1728844946807
1324060730,"treatment",18.7678970906057
997598065,"control",18.414530944864
2060306976,"treatment",17.0668922229091
324502794,"treatment",16.3616638731852
930589358,"control",13.5459343906629
841549531,"treatment",17.6924567450734
693760788,"control",12.3818907615084
851759221,"treatment",18.4763094507601
346714855,"treatment",19.0382458863122
735513479,"control",16.661039775365
128006348,"treatment",17.6803133824478
292899073,"control",12.9895154855824
956183041,"control",11.9481158097816
1361039204,"treatment",16.3517524164286
307836531,"control",14.1187620670169
1170656522,"treatment",18.9208622492731
2496887175,"control",10.6907805220131
1655935551,"treatment",17.1829511978038
84535487,"control",14.5602273685631
66024126,"treatment",20.3496290883353
53817807,"treatment",16.7472992680456
541194778,"treatment",21.9075017867961
370866284,"treatment",18.693305250068
334021733,"treatment",20.7019068923791
1465457182,"treatment",22.5835142687301
1559699716,"control",10.4464253586389
704947541,"treatment",15.0024075992295
958357034,"control",14.261155661788
908388702,"control",20.6456020583667
336176135,"treatment",18.5497608499234
1310354190,"treatment",16.6650097200524
757786011,"control",15.8707390874448
2057758931,"control",20.7025719266123
840553251,"control",18.385127673761
2053801235,"treatment",18.8739406564745
783287375,"control",18.5386580498754
148613598,"control",12.4020264083248
37750188,"control",12.3210564793637
1571135947,"control",12.180009609174
1061153612,"control",13.6905887343142
1402281741,"control",14.8163708976652
1802156574,"treatment",16.9628984982784
1088943466,"control",10.4193650943466
189327245,"control",16.8910409703106
1055027104,"control",14.3461029118866
1814135156,"treatment",15.2754721398813
763971705,"control",13.0936634920538
39490806,"control",15.6373632350943
282415468,"control",13.8933662736429
1097047106,"control",17.1538374077598
1049271090,"control",14.7080562351383
870233346,"control",14.8027899703471
296779554,"control",12.0423988023454
876765536,"treatment",20.3123534474238
307293168,"treatment",15.3308668318783
622485871,"treatment",19.8854837525746
534283703,"control",11.8395970516675
196514719,"control",13.556289517741
920469776,"control",16.9762601617871
29288171,"control",10.1150067040448
132352157,"control",10.5915177830525
1009891397,"treatment",17.398676389586
299072350,"control",13.8977942409633
337799937,"treatment",20.2219152521397
1454450713,"treatment",25.2815647413523
614898,"control",12.0183321820771
1673119030,"control",10.5795334399408
1053097657,"control",10.9681138206938
488667716,"treatment",18.1457845198982
338568964,"control",10.8941249073975
2104260565,"control",11.6913246469402
118547250,"control",15.0958908308264
401055924,"control",14.0940065857903
299637159,"treatment",20.7744857026512
458088352,"control",12.309738080011
754498557,"treatment",15.5606512138562
790146081,"treatment",15.7509946245925
461486557,"treatment",15.1216369373782
1324950109,"treatment",15.0775225956593
343147106,"control",10.1508376804738
1368604603,"treatment",16.2559036185673
407831211,"control",15.8713703331208
488846041,"control",11.1104690252804
229712386,"control",20.580799667869
1088690845,"control",12.3537941123567
261670140,"treatment",17.3446420324113
181410476,"control",16.7877156874929
367672747,"treatment",16.231063609767
1949261814,"treatment",24.6610792793336
1241736443,"control",13.5836947203257
148204235,"treatment",16.5283526050912
28437499,"control",13.1721420862001
245524519,"control",10.8472203235529
755221601,"treatment",18.1542642976483
1811035860,"treatment",18.369597445665
2083417628,"treatment",15.7874189356713
1364618442,"treatment",18.4423251301607
1782314040,"control",10.3438455419101
6194652,"treatment",22.2432400470055
431749101,"treatment",16.6948920540576
1368605531,"control",10.393047002989
353109999,"control",11.794026068308
1261042673,"treatment",22.0229740187566
819109639,"control",12.1021830963621
307901139,"control",13.0738778675062
226073180,"control",12.9958610925193
321502345,"control",20.390251367748
1720211700,"treatment",19.297148448669
842749215,"treatment",23.4144219963893
79305623,"treatment",15.7208861517171
929334408,"treatment",19.2850783402422
317191339,"control",20.5772645259083
1068683979,"control",14.8862256708681
1188188147,"control",14.1290082170513
291278788,"treatment",20.0597137586777
79764790,"treatment",17.9629702517973
848979188,"control",12.0653761566758
1840233807,"control",11.5473678487595
467604150,"treatment",18.2776970381555
540903852,"treatment",17.4816718073554
783282118,"control",12.6768022034748
354136069,"treatment",24.1428885637425
612119608,"treatment",25.1532942168536
1376762893,"control",10.7746068388577
325946088,"control",15.4838403101869
902249805,"control",13.1913223728809
2123706010,"treatment",17.2305088210172
10029450,"control",16.8018346137311
186455921,"control",15.293692205951
453020899,"control",13.8044013035519
416908907,"treatment",23.9699201995846
882049839,"treatment",19.9036224270422
89355570,"control",15.8495378618346
1371997166,"treatment",17.3482662987268
2102414710,"treatment",15.891615281764
577823365,"treatment",16.8569532014554
1198343726,"control",10.2110017196578
675358088,"control",11.8753718550493
1174035533,"control",20.260999154462
620581532,"control",12.3990907939641
706955720,"treatment",15.0407681593864
413469497,"control",22.9991799933761
158963555,"treatment",16.7062716282004
482250560,"control",11.1373347387887
591389048,"treatment",23.1735877197658
66740849,"treatment",19.2798071269484
1370275363,"treatment",15.414250222187
811921619,"treatment",19.2928648299907
311665014,"treatment",20.2462636846098
834994836,"treatment",20.7977684790408
1648376834,"treatment",16.5898002810232
671192135,"control",15.117159688211
452966299,"control",12.7745367937619
419582020,"treatment",15.4844753008013
497761699,"treatment",18.4325482446902
535304654,"control",15.2981680397872
333835706,"treatment",27.0774036563729
2603460946,"treatment",19.4707054602102
1052697609,"control",21.4748006563355
2280368417,"control",10.7481873903229
714585978,"control",20.0950681598896
863111282,"control",13.7347976797612
34814885,"treatment",17.1878732516682
897595802,"control",13.3133004029049
1897635165,"treatment",15.7444188867987
646629425,"treatment",16.5529248444135
207416362,"control",14.7409547722278
1099197093,"treatment",23.4194196544595
148783364,"control",12.2539457180968
495352185,"treatment",17.2699953246416
287093006,"control",10.5702107286454
394294188,"control",15.6904134443204
214562030,"treatment",16.8887450389598
2914003847,"treatment",20.2960969419553
485251768,"control",14.9076694982389
1328920215,"treatment",23.2548104765039
1577702958,"control",14.5574522863759
905643888,"treatment",23.2570266172272
1550567321,"treatment",15.1221725835802
1282305984,"treatment",19.8334829988
514934612,"treatment",15.268278141435
317243678,"treatment",18.391885831493
505059282,"control",17.89674081452
333895033,"control",11.6518974619563
811600564,"treatment",21.5265196875991
1006851621,"treatment",17.8572974393742
317172661,"control",10.1334659873819
226844306,"control",16.4801987631473
1200432254,"treatment",21.5722530396619
1615873086,"treatment",17.1596461675344
932300080,"treatment",21.9194940880999
1481236099,"treatment",18.8815222427593
262895365,"control",11.4047168633083
1837799400,"treatment",16.3178186958315
129313584,"treatment",16.7640834698904
947879,"control",12.745062538061
560402704,"control",11.6518525923976
610093570,"treatment",15.0313283272601
337086999,"treatment",18.5567850077736
675664875,"treatment",18.5760109348381
506331597,"treatment",16.0261534794093
516600279,"control",18.7280106755469
698195325,"treatment",17.4936502571941
147296980,"treatment",19.5626278642436
773761612,"control",10.6847874152595
2487254683,"control",11.9331767127687
538505739,"control",16.229367448257
658836667,"treatment",23.0338509879129
1886909838,"treatment",24.3298269672114
42317392,"control",11.7409373570687
1334194713,"treatment",15.6621060935173
500465974,"treatment",15.5045213490326
221842983,"treatment",18.96063173904
724179039,"treatment",25.8019156880919
754443648,"treatment",19.0801330612206
495729813,"treatment",15.3177332694146
858171200,"treatment",26.1772022503698
510293706,"treatment",16.076844119289
1089408158,"treatment",18.5269316654536
112159264,"treatment",19.1879154123447
82077532,"control",11.4111176967093
59693351,"treatment",15.7489757904382
237330655,"control",19.2336081408705
2829937987,"control",12.3515509120783
375390589,"control",11.3336088569271
248853197,"treatment",15.8148256320734
1181691200,"control",14.4726124962746
217700543,"treatment",16.5388830069356
1507154307,"treatment",16.8623715847483
1220346144,"control",14.4752829117741
274815100,"treatment",16.3008963782112
1784474888,"control",12.8973799593169
211330304,"treatment",15.7913540212933
151598060,"control",10.9279699004213
274456714,"control",12.0460107623632
331615425,"treatment",18.6825924510946
237536798,"treatment",15.5194304658332
589519212,"control",15.0659339285912
383589951,"treatment",24.9456682425432
1524846872,"treatment",21.2381066951778
25054805,"treatment",15.0891702921707
289024883,"control",14.5271547853229
1107567250,"control",17.9164313614879
800782478,"control",11.5800274612483
1630527268,"treatment",17.258726981092
383838727,"treatment",18.5443741288718
301428760,"control",13.4694086580802
2485384088,"control",19.3195124207659
1307605081,"treatment",16.5827268788769
872558269,"control",18.8676399538248
382058410,"control",10.7980766959814
137715131,"treatment",20.123105506566
231499469,"control",13.2181645617929
220818053,"treatment",17.4736173280847
486752818,"control",10.1187968578205
1034499058,"treatment",21.4360434798616
94054368,"treatment",16.9265431712964
214899059,"control",14.8472028991108
287142851,"treatment",15.5306894922279
200396740,"control",12.7320440055791
68853085,"treatment",18.6400522027265
779890770,"control",10.8873442980246
918866096,"control",12.4878476668245
595800012,"control",16.0784794815538
168101772,"control",12.6217152069182
820111968,"control",17.100477253379
535011746,"treatment",16.2400920274966
290370080,"control",13.1085441616633
65698375,"treatment",15.0407561872629
97277296,"control",10.9264331278251
1476841074,"treatment",17.5248060218352
191000453,"treatment",19.4267809781557
483038470,"treatment",26.687846290669
272412796,"control",11.3997315290903
1262549920,"control",15.3486212784974
528728984,"treatment",22.1435990750779
2316694769,"control",10.9136450014289
183681858,"treatment",16.7687945115873
1355195350,"treatment",24.6672821514872
336243366,"control",12.0086236065529
1017066220,"treatment",18.7054571324569
34108507,"treatment",20.5978744311554
579491297,"treatment",17.0675453872441
94315314,"treatment",15.931173451151
1031266908,"treatment",18.2852687097922
443365788,"treatment",15.3619690823463
1320215626,"treatment",19.5984244862393
737080930,"treatment",25.7813035072429
85155894,"treatment",19.4151462120435
366160007,"treatment",17.7312262073741
566459119,"control",11.1811316828469
209689090,"treatment",18.9451100458605
777359639,"treatment",19.5655009201568
547349264,"control",10.5554273541916
55095325,"control",22.5575967308689
112925008,"treatment",17.0268961714905
708265784,"control",14.1278580631515
1904202849,"control",18.8354650176884
920856953,"control",11.9759712848332
266669107,"treatment",19.3402322307016
328830655,"treatment",16.4594562141521
535152461,"control",11.6879653994231
1209740883,"treatment",17.2777999156061
476604322,"control",13.140701834834
139778092,"treatment",15.2084958747597
778039248,"control",10.3656199707599
1062061790,"treatment",21.1649079818461
658293157,"treatment",17.4956838661395
1129457663,"treatment",20.4690902242085
85980560,"control",15.6502019620173
324527361,"control",12.1065869911878
1100065771,"control",12.0262574667348
817193098,"control",10.9058637703289
612056911,"control",10.3290434140732
739477751,"treatment",15.4913382183236
86845961,"control",11.7013197862332
387809997,"treatment",18.0708268380415
293620905,"treatment",22.3253749016387
1773736417,"control",10.2385672003691
137325355,"control",14.611167529552
525533256,"treatment",18.2424069182513
364602075,"control",17.9914247035424
665504288,"treatment",15.1151359538373
561205738,"control",10.3096132245771
183861497,"control",12.1417224319201
841711562,"control",12.4972520831152
924927295,"control",17.714270903063
572978381,"treatment",18.4160201869312
743111370,"treatment",18.3472983096993
2748879768,"treatment",17.2125749744732
575094550,"control",10.1368213866508
593993650,"treatment",21.3717452383139
1395684997,"treatment",20.0599678310843
396909045,"control",10.1883471853112
1301548300,"control",12.3826638569575
467955343,"control",10.6016967893763
1138143843,"control",20.3961837020755
130958262,"treatment",15.6693662787838
649629521,"treatment",20.7115078862441
753899104,"control",20.1261852976145
2661457033,"control",16.2601382744532
719591345,"treatment",16.5595537101043
342490365,"treatment",15.3122155275983
953144950,"control",15.7195133641163
277159301,"control",12.9283615628954
59493738,"control",16.2790366830341
783152523,"treatment",27.1743929876068
567272377,"treatment",22.7636539166285
1246852880,"treatment",22.9642021018261
380864385,"treatment",21.0187103784025
1176492309,"control",12.5758337531487
881615657,"treatment",21.0336562595332
672071281,"control",15.9134005057504
1329585322,"treatment",19.7550599482231
1101697972,"control",15.1551712727717
960015941,"control",16.7472543197394
467137365,"treatment",15.3678466962919
388516320,"treatment",15.6757412874033
287489092,"control",14.9484917379897
963187060,"control",15.7396442114225
39193154,"control",15.6577231112224
658118700,"treatment",25.0197938701713
888424230,"control",10.648738559754
1826061993,"treatment",17.5357310065503
523464934,"control",10.3333549072785
327462804,"treatment",21.4070935956731
217877164,"treatment",22.9472082176834
118918231,"control",11.7358976453805
1248536483,"treatment",20.7618938270312
2277647002,"treatment",16.6474134251493
345142976,"control",16.2657472917139
27518292,"control",19.6424531512974
1073057147,"control",12.9791579278298
507048017,"treatment",17.0477513754025
958490120,"treatment",17.090477930299
1244357717,"treatment",18.7950360951394
124410116,"treatment",19.0628817641775
1246910611,"control",15.3871945846652
175962722,"treatment",16.7082019814956
264983635,"control",11.2857123156497
1748144226,"control",15.6633334102612
660166126,"control",11.0017814250084
284323911,"control",12.3423363855143
1507108139,"control",10.6554415715732
476853329,"control",14.6904453607745
661950006,"treatment",15.6871742213571
1729260349,"treatment",21.7011383453515
649808151,"treatment",18.6444125613498
357699630,"treatment",16.9962155079225
1103455845,"control",15.0655088531151
1142404686,"control",20.5953047701778
113368533,"control",14.0466574797759
248093326,"treatment",21.3110785922509
449717490,"control",12.8051230697389
2202938364,"treatment",20.4467127343743
408840569,"control",13.376848489765
356537500,"control",13.3255183560384
243374460,"control",13.9926457935644
258027577,"control",10.6418947242956
845517821,"control",14.8086401598455
548896003,"control",12.1802843866121
1690417486,"treatment",17.5284335609805
179259801,"control",13.5335249199284
1551041908,"control",20.9669949929019
167684247,"control",11.8070707669188
507751821,"control",16.0291808319682
629463363,"treatment",17.9065817171715
762283687,"control",10.9539172767095
885285453,"treatment",22.7097415396788
736221601,"control",20.1065570857196
1341832696,"control",13.6037825837158
816208312,"treatment",18.8255644686332
369777693,"control",11.292418087119
388295038,"control",11.8366708810703
1688688903,"treatment",25.0411057130478
1067988012,"control",21.692868061313
1317186028,"control",18.2413621830888
1623707769,"control",14.0633579146084
1851812372,"treatment",16.1292706734252
857566339,"treatment",15.7019579625445
88370228,"control",10.686404039062
2131212147,"control",12.6803236621598
114399811,"treatment",15.3587689917777
328631532,"treatment",20.9222860695706
358470282,"treatment",17.4953447405343
132517559,"control",14.5411568791764
775305124,"treatment",18.0706544720415
885976329,"treatment",19.8087454919255
182865358,"control",13.9651214122104
380979430,"control",14.4306043825065
1166224311,"control",13.4982251449973
85282619,"control",19.147777889845
547718041,"treatment",16.093706879722
674104630,"treatment",18.0105310762841
160564564,"control",12.9506315995158
117352607,"control",19.9260491962661
406968783,"treatment",18.7297381425763
75856925,"treatment",16.6601586873222
280039608,"control",19.9217772775995
1381576111,"control",14.8928742023793
1296473305,"treatment",15.4360692012255
33007492,"control",14.7456416793523
391272841,"treatment",22.7401166523703
534361581,"control",28.1810731710661
1367826664,"control",13.1085982847725
312601784,"control",11.7932323193577
154743150,"control",12.3409816823398
757695558,"treatment",19.416069614424
930496258,"treatment",20.4483538183269
147417685,"control",23.73957169581
1225746923,"control",15.6549720226866
1016600265,"treatment",15.3649404378748
333345275,"control",14.7651066441538
1813197228,"control",13.6066958806745
647405817,"treatment",17.2545882012569
180435848,"control",21.7814931217761
648494112,"treatment",17.6759074770526
47182510,"control",12.5996438219045
1492502330,"treatment",26.6701514122924
1462743188,"control",12.6956332957033
1735510507,"treatment",19.3376083094596
1541354866,"control",16.1582511655755
833042339,"treatment",16.826979009039
2078589121,"control",10.6848717412738
52578105,"treatment",23.0947790901365
399255682,"control",20.4862208629499
1459645238,"treatment",16.5824507288895
1034199621,"treatment",17.2681566139834
217456323,"treatment",19.3526751898753
628601108,"control",12.733948056421
405439966,"control",12.0999112097701
1138115582,"control",13.7052019180107
1368652980,"control",17.4179995597341
714797262,"control",11.1415473027056
261881960,"treatment",20.2576313111601
352824541,"control",13.0065070317498
1671128818,"treatment",16.5304569727563
236784670,"treatment",19.6061607763486
412394336,"control",17.5637518396884
14960896,"treatment",19.0573488340838
5909920,"control",15.6670144896101
504130657,"control",13.8942835995292
971195977,"treatment",15.6336012650535
1902274198,"control",11.7876670955741
793521235,"control",10.5593205823547
580631660,"treatment",17.5778789382802
1900660280,"control",10.8797712233778
718846313,"treatment",16.0476764588747
1181350393,"control",13.828059996537
207592973,"control",14.4636216647142
2038352608,"control",16.1431607231617
688087073,"control",14.6161789010479
768600003,"treatment",15.2110429829415
281176051,"control",16.6991938959368
638800490,"control",11.729836288347
233441119,"treatment",16.6229469012681
867469397,"treatment",17.3696821895566
271998109,"control",10.7789203013347
2137700427,"treatment",19.6795973090594
1964039773,"treatment",16.447820754061
532864977,"control",11.7030260792907
1063900538,"treatment",21.6491707202961
656675011,"treatment",18.7428141743664
489290860,"treatment",24.3114784404689
836751847,"control",14.9017373354554
1209380730,"treatment",16.1780607731796
492713797,"treatment",17.1687518063031
219791570,"control",10.0181267281303
884535635,"treatment",20.3878509149267
872258460,"treatment",16.6177340381505
911475789,"treatment",26.0610007913085
733693807,"control",16.4721227488658
1396421465,"control",15.299516346696
453942631,"control",13.3712439009883
1187874780,"treatment",20.7687772465443
944103941,"treatment",17.0962382952141
1972041532,"treatment",20.6013937288678
84395375,"control",12.3048978082273
624649594,"treatment",15.2492690259048
336174565,"control",13.7476865784569
2106715602,"treatment",24.3560028174841
746259799,"treatment",19.0574110880834
670753721,"treatment",29.2256973533691
560327452,"treatment",16.0388166498419
1146674373,"control",14.4962694127079
304873667,"treatment",22.678264070378
628074249,"control",17.4571296031553
391927873,"control",12.0320745631247
1513430812,"control",11.7554283841911
966409793,"control",10.2063165017956
1243226910,"control",12.2037292608204
1108296219,"control",15.9794801797221
2790287458,"control",17.1221428120995
377720278,"control",15.3771189669726
1215031497,"control",11.087716088636
26475245,"control",18.8596421996847
174692850,"control",11.7368423519023
1025343272,"treatment",16.1592966013895
395377816,"control",11.1009763699393
1378283485,"control",11.0436193724673
780797536,"treatment",19.1244041670404
1810903244,"treatment",22.6764131262501
661171280,"treatment",19.5401739337896
1935449118,"control",11.162909513164
469781945,"treatment",17.8317361035969
1004639993,"treatment",15.9848424386561
1362378724,"treatment",17.7691550927153
1514084151,"treatment",20.5229559263853
1038739280,"treatment",19.5523196183551
281399850,"treatment",21.3033496967612
979985586,"control",11.8615402406243
668915795,"treatment",15.1061978888846
91789675,"treatment",18.4436201866757
527995288,"treatment",22.8885341494052
790773527,"treatment",18.1685314117222
843743092,"treatment",16.2447893598585
229981720,"treatment",17.108446670305
1671657897,"treatment",17.6450639298768
834943945,"control",10.8858745488859
138121929,"treatment",18.4312462024737
775887649,"treatment",15.8911850450462
1128139936,"control",12.2636264283923
252296560,"treatment",18.6209332006987
424097946,"treatment",22.0701340846701
49207126,"treatment",15.9052114967527
465642565,"treatment",16.300694820579
704044050,"control",17.361118698394
1741654765,"control",17.5685256251139
1209624038,"control",10.0154432980647
449673601,"control",21.0032011771273
2062794583,"treatment",16.516838327928
559576728,"control",11.444046677495
835079011,"control",14.7742796506376
617209634,"control",13.0110655272791
1254703282,"control",11.7853831899838
179112360,"control",15.237988396944
608104909,"treatment",20.9392283871903
2161342123,"control",12.8494678845575
189604765,"treatment",17.0140324532576
1365053622,"control",16.9639779650785
272984661,"treatment",19.8684755486371
341580754,"control",11.2809901884141
1272593760,"control",15.1016008693121
4794832,"control",19.5779837950165
541832832,"treatment",22.572980263919
414363808,"control",15.7249152536847
634591004,"control",13.1421967308177
153815332,"treatment",15.1785800230489
1473319032,"control",14.3074120830875
406476380,"treatment",18.8737052996281
244067836,"control",11.4040274354058
1728594664,"control",17.5686646116444
254598253,"treatment",22.1167159272483
652823245,"treatment",20.0606974553205
996117995,"treatment",19.2586600324415
1331252519,"treatment",15.2817542689361
420529235,"treatment",16.643940718893
1358844434,"treatment",16.4161192898587
133197088,"treatment",21.0163492823825
2111949146,"treatment",22.4986716856625
688116247,"treatment",16.8053590007124
272474811,"treatment",21.749424526988
558221133,"control",12.4666654762042
1206079339,"treatment",25.5905276852748
603049330,"control",14.2266255545883
575872725,"treatment",22.0863242456028
76192976,"treatment",18.8830687524149
14975730,"control",17.346762069771
264571972,"control",14.0724272935185
274464004,"treatment",21.0355111779185
66095721,"treatment",18.6161675552337
361437962,"treatment",21.4082762618728
52081075,"treatment",17.7715767311137
1421804300,"control",15.0566894657126
1322002680,"control",12.3241436025874
261121952,"control",11.3811130166212
2211436304,"control",12.4765777254078
544939070,"control",11.7455713358472
402341900,"control",12.9234458686468
863338683,"control",19.1208705523242
493511308,"control",15.1264304079584
545418199,"treatment",19.5342425490181
213693216,"treatment",16.7220991078449
418968683,"control",11.1171995831118
111225144,"control",13.0675977806402
392311033,"treatment",18.122693533511
226607344,"treatment",19.8734937155649
725674026,"control",12.3864455405504
496596194,"control",17.0100207358465
3805154963,"treatment",17.7936504843772
1908227937,"treatment",25.3999136299754
275740842,"treatment",15.667065065035
808424666,"treatment",16.4836373153762
728788862,"treatment",22.0276320965642
176861568,"control",12.2417139054799
1549440944,"treatment",16.4195595082488
730953607,"treatment",17.5008270947624
118410152,"control",17.0050957908037
585180830,"treatment",23.1542258686467
1404586455,"treatment",19.9174483490425
920372832,"treatment",17.0533244755746
350794593,"control",13.1050110431369
522088478,"control",15.1419218800622
1280667075,"treatment",18.4001458340336
822685967,"treatment",22.035819341114
239514406,"treatment",16.8551008391088
1287090980,"control",10.2978077182872
858691732,"control",19.058970265492
2321677220,"treatment",17.4783690502735
2869243661,"control",10.2997146211446
526744685,"treatment",15.1122558728744
1492810472,"control",11.556450141434
639322637,"treatment",15.9780406502993
914031604,"control",14.1550532739697
773100063,"treatment",18.5218463071381
481643711,"treatment",21.3103219026308
679738446,"control",19.4559267909738
42768051,"control",13.3400142754247
1780064856,"treatment",17.0371934444827
230966988,"treatment",17.7356224808948
246650089,"treatment",15.1352901641334
989472146,"control",14.0566054174169
3748132839,"control",15.3042374722559
603879661,"control",12.5949243518309
1650298466,"control",11.5836780296515
2143200158,"control",10.7214357913
949231329,"control",11.8471980564173
142574732,"control",13.6416612721608
863283421,"treatment",24.0353503996569
399995607,"treatment",19.5044490286325
771733153,"treatment",24.5125410439183
383169559,"treatment",21.3919155243882
449145315,"control",15.2981851238984
91256175,"treatment",18.8578894665579
2326052569,"treatment",16.2238220404845
166765800,"treatment",17.412437529986
1418041280,"control",15.1294366029463
533729755,"control",14.235138818489
1235252049,"control",18.7913109285122
930075557,"treatment",20.1823159254756
238928633,"treatment",15.9307523710254
1473346051,"treatment",15.5022780787733
596524848,"treatment",19.4155621765531
820686481,"control",13.9900042807334
569491290,"control",13.1969687143933
1071128742,"control",25.2831558997873
1211451747,"control",15.462533831584
354432788,"treatment",26.3309193987326
1499871195,"control",13.7450747068008
1642450472,"control",10.50571970715
760927675,"control",11.2240905611687
76623785,"control",12.2174792656113
1061060012,"control",13.2202564817158
642077098,"control",13.9933839772173
431826576,"treatment",20.4988760667741
414502749,"treatment",21.0851540400295
677769517,"treatment",15.8892386352249
1399241493,"treatment",20.5072224096128
126026464,"treatment",23.0515979350118
471504280,"treatment",17.6557092488735
412225059,"control",13.5613512867596
365919801,"control",11.5224492470626
2554892250,"control",11.5208742519853
1016964873,"control",12.1504084698051
128235762,"treatment",16.7652731263317
1609534154,"control",12.3141810804879
455530259,"treatment",19.4928513886308
773444743,"treatment",15.3237123008261
392472368,"control",14.0217631198301
982797656,"control",14.5972550861667
1707682503,"treatment",16.531521646528
2240629245,"treatment",20.4416062809186
806280858,"treatment",15.0396908513637
745755421,"treatment",20.9206160583738
724949573,"treatment",23.1440569283218
58495691,"treatment",24.0837690383619
323726197,"treatment",21.3705108385059
160119270,"treatment",24.2190682946461
1502735850,"treatment",15.6233445879379
885616683,"control",10.1515587226059
120112188,"treatment",17.0699065199121
1092321566,"treatment",15.3206053388091
1211958679,"control",17.7308623207235
2539070027,"control",14.5213574706508
241306512,"treatment",21.8698914757712
1638424597,"treatment",16.015520645327
1286165135,"treatment",20.4482949639816
1462859401,"treatment",23.1902467406346
381382037,"treatment",17.2622542018227
52582119,"control",26.0900069767162
958990328,"control",10.1896447322591
2210608794,"treatment",26.7962632695171
695263121,"control",14.0013287726689
858370130,"control",15.2667337027252
3124785683,"treatment",17.6499153594211
564282918,"control",12.266423669633
636545729,"treatment",15.2670242694004
1199986329,"control",13.0346350069044
37110704,"control",11.1028755216871
869342030,"treatment",17.494726848717
1205932865,"treatment",16.0041806995866
764819736,"control",19.5648989879924
19999159,"control",17.1159882615588
527056964,"control",12.2199802641561
1533113995,"treatment",19.0545124677009
231850580,"treatment",19.2468697101858
416753926,"treatment",26.1656750549704
637960924,"control",13.3144498188368
1975803664,"control",11.2034265044001
1013964982,"treatment",17.2383652406296
1311350286,"treatment",17.9238683837102
1506723858,"treatment",21.2192903014041
1136726799,"treatment",24.0347649811455
146831004,"control",16.7333940288316
1743526667,"treatment",23.3184181209794
606995517,"control",11.1207871981755
2101282339,"control",12.9072373919329
1216062384,"control",16.0624964230887
125521934,"treatment",17.7459304322914
25829842,"treatment",15.0711392524758
1468641342,"treatment",26.2987774393917
483961852,"treatment",16.7447797459031
1380162606,"treatment",18.2182032406844
518520248,"control",10.936208605949
174640611,"control",11.4945742517433
933646309,"control",13.1138040596895
221905738,"control",16.2037146630801
639692425,"treatment",19.4480866535221
381661045,"treatment",21.8204833049344
917364117,"control",12.1554425267215
530583174,"control",12.3907064233973
486647045,"control",10.2726910152819
107904232,"control",12.631171271194
1022325877,"treatment",16.6192675417586
398634011,"control",16.6471190661851
2700249940,"treatment",20.3559736024539
395459339,"treatment",18.5762885529819
463386142,"control",12.7965207311002
316496948,"treatment",23.1071440194863
99421968,"treatment",18.1025923518146
1590548473,"control",13.2870669708185
2087042956,"treatment",25.630759093585
203324732,"control",14.2432901464929
755721175,"treatment",16.48681890751
991164896,"treatment",19.9319233320692
404675610,"treatment",19.8088310861019
992558453,"treatment",21.9330446036352
595203979,"treatment",16.3816507879674
577631288,"control",21.110796582048
678008655,"control",16.3828372050884
659173212,"treatment",15.6947157582671
306303036,"control",10.9290025379367
568145122,"control",16.6412447921739
971066220,"treatment",15.6550136489151
784803741,"treatment",19.1832765888114
1617246023,"treatment",23.5500588404044
470255033,"control",15.3859502281105
245584327,"treatment",19.9174961044752
1562740922,"control",10.6167808236698
892629835,"control",13.7180035847249
891556162,"control",11.9622175394854
460498045,"control",14.1937150906145
847860994,"treatment",18.3530687741364
538717467,"control",18.4039922298808
1682223479,"control",11.6964836584771
1214898917,"control",15.8711090848051
983904729,"treatment",21.0809799239338
192524178,"control",20.189420213185
560737816,"treatment",17.0800373796933
1349650989,"control",12.0319917820293
649796276,"control",17.5344289131076
2258939297,"treatment",20.014668157692
276399375,"treatment",22.4386737177548
161685511,"control",10.6193296895943
486729534,"treatment",19.6399970560874
1425321616,"treatment",25.6022193053172
1904919386,"treatment",17.2467552620269
559239871,"treatment",22.9446283848264
1661145977,"treatment",17.8345716945862
428323827,"treatment",18.4180045297517
1173144141,"treatment",19.1435628635228
252844736,"control",13.5555363963657
190646546,"treatment",16.2195999616043
31571361,"control",18.5043597317309
712313951,"control",11.573422946798
175856154,"control",15.3336530343957
385892034,"treatment",15.7145048008674
630825351,"treatment",20.2726637069374
148073949,"control",16.8962543082453
858494900,"control",10.5370571355638
1618203096,"control",21.4157997308384
1603581362,"treatment",15.6834428600329
1140446999,"treatment",18.6375689559456
166953840,"treatment",18.7577911752233
1849980764,"treatment",19.9269426642904
167769068,"control",17.8177175994596
1933214702,"treatment",18.0528346465571
1112654507,"treatment",15.7838782649602
9325917,"treatment",18.9924902322963
1807648656,"control",12.2155888950676
338525336,"control",10.6166338003138
2236972530,"control",15.414641773163
868538230,"treatment",15.9513640170915
117327780,"control",10.6763508652668
2357853766,"control",14.5068192996111
215430645,"treatment",16.9381772232721
101946324,"treatment",19.7618511946291
222097088,"treatment",18.0571465722227
692568038,"treatment",15.1548462923673
725549926,"treatment",17.4588680341474
966308930,"treatment",21.9982467568746
261098483,"treatment",15.4171773443457
111990677,"treatment",20.6198558421992
809996892,"treatment",15.6092268123994
916487532,"treatment",16.8099569556671
532029108,"control",12.5773491153542
789562536,"control",11.7321605483395
111669103,"treatment",20.5534860210978
846901047,"control",18.5896993494406
332664595,"treatment",21.5695078531899
861316058,"control",17.7646883325906
680113736,"control",11.4890253808812
25750634,"treatment",17.0899395700815
361155903,"treatment",19.6724882653495
1944745263,"treatment",15.0540837268853
95228380,"control",15.7660496062833
69884132,"treatment",20.3271369558234
70987491,"treatment",18.9638958863762
999814165,"treatment",15.6855697625351
476134724,"control",14.9164624586272
709385470,"control",12.5786766248278
753119373,"control",10.5229895267939
1015150088,"treatment",18.0232704517866
1755510545,"control",13.5023586072051
915367095,"treatment",15.6159146146091
1790768169,"control",10.5385057995332
337585719,"control",13.8036711184803
235456151,"control",13.8584278039562
390244374,"control",10.3810156443462
219792009,"treatment",19.6935681037056
531118394,"treatment",18.8462834875406
672053906,"control",14.1791749905529
1155579367,"control",11.3353124818286
267958875,"control",15.9426121132541
672901887,"control",11.2869916086236
443392985,"control",13.2306295027408
164939778,"treatment",15.2451208115763
442301444,"treatment",15.5134290809318
675469679,"treatment",15.0504057896949
272586906,"control",11.0509130101676
1519078287,"control",13.1801576578493
561971638,"control",11.2082020414862
316813387,"control",15.9757766212848
682020584,"control",15.074954063027
162844802,"control",10.6656067919558
262731513,"control",15.1950490272029
193620932,"treatment",18.7513631756805
1240942987,"treatment",21.1532801286933
340762799,"control",11.2223095019978
806630092,"treatment",19.8510827581672
650429808,"treatment",15.1659593301411
1138331973,"treatment",18.6966408905215
1085439178,"treatment",21.8766005953232
449238773,"treatment",27.6814213042008
172690052,"control",10.2320926103785
205948146,"treatment",22.2564509092455
1223887501,"treatment",21.1023713612356
414877129,"control",23.7841285329195
480708868,"control",13.2409424099031
1118541330,"control",15.891905351728
430157115,"control",11.8632404395152
1572484130,"control",28.5433828798295
252769035,"treatment",23.4918533325705
1686623016,"treatment",18.4245480241592
552947971,"treatment",16.7937687054056
1692650236,"treatment",18.8209251212243
306997481,"control",12.2824668045784
538498417,"treatment",18.848078054019
1396619266,"treatment",17.1410163620956
140487287,"control",19.175423982522
1248866711,"treatment",21.5211876609674
1479583683,"control",20.299777415381
315928571,"control",20.0626235704233
1217820308,"treatment",21.5734725768575
767563339,"treatment",24.3223635174949
2013435227,"treatment",17.5723776253409
635319676,"treatment",15.7880090578306
357237794,"treatment",15.0731255477733
1639654871,"treatment",18.3128086843687
229121119,"control",11.2786741588988
638773693,"treatment",27.536215703804
408782050,"control",10.1336852083509
2730458049,"control",14.7167039740306
943719895,"control",12.0047064556969
1738207612,"treatment",17.4138916793564
598686194,"treatment",21.2360964695886
1125110045,"treatment",19.0684511637927
1030690467,"treatment",20.95233974219
377671033,"treatment",17.893887539904
925944246,"control",12.7812298083019
600396764,"treatment",18.251113962509
934760445,"treatment",18.7288039025519
588490583,"treatment",19.2823073926177
860774435,"control",14.6376458525228
232074773,"control",19.306673141114
160939496,"control",14.9950892492847
680417650,"control",17.0002980924758
670518838,"treatment",19.3605083850327
127085229,"control",12.8683444287205
418291187,"control",13.0286868921309
407226278,"control",13.7033575888143
1024962178,"control",13.7129135038453
1156544460,"control",13.7672430229196
796646485,"treatment",15.0647599350958
1325062669,"control",11.5088482960842
640664703,"control",16.8393626008899
569106959,"treatment",21.0464045439737
1364892362,"treatment",16.4288079974204
322325770,"treatment",20.1356087134616
379834635,"treatment",19.2865256603016
1167144463,"control",12.2129067868474
1233956200,"treatment",15.42629477208
1279995586,"control",21.2818627863078
359724026,"control",13.3037863869632
1735539993,"control",18.3047080744988
641308517,"treatment",17.6604507217492
1010532078,"control",13.0111361076444
592132688,"control",10.9143172215429
1800352137,"treatment",21.8156666567493
1536953,"control",15.6126864485587
508391455,"treatment",20.283431925435
677116599,"treatment",17.432310475004
321223077,"control",10.4118854508651
101187628,"control",17.522860962468
1226574851,"control",10.1777425732318
1239320023,"treatment",18.3737911212456
142494655,"control",17.8987172811397
673617311,"control",19.3937472439231
697297917,"control",17.0762263310721
473415353,"control",10.2603942078703
217467470,"treatment",31.7290647361944
647343063,"treatment",15.269904680119
518102954,"treatment",17.9080801281361
970376464,"treatment",19.3449860402497
832379324,"treatment",17.1921452857623
114096400,"control",12.7664605886591
590135896,"treatment",18.4573459351959
605467615,"treatment",18.2010680572975
606247973,"control",14.7199358608333
2298232834,"treatment",21.0303620418537
191017235,"treatment",19.0724034385453
955321963,"control",10.6073102265464
272750149,"treatment",18.8558440607657
1106925154,"treatment",18.116472213183
167265263,"treatment",18.5686811025091
1111285808,"control",13.200106784303
396177265,"treatment",15.4781486082882
36612978,"control",13.2346938957533
685039972,"treatment",17.687298789394
217881032,"treatment",19.3596392491163
859695354,"treatment",18.307625455797
1434222585,"treatment",17.1325138136504
1592897787,"treatment",16.9093638840644
352613888,"control",11.545147228285
1576559350,"treatment",23.0287351085938
327793158,"treatment",20.0332417300338
1518059810,"control",11.5519291332385
1540187786,"treatment",20.9567052214817
142966040,"control",15.3536783422394
813992003,"control",13.8647748586991
399925288,"control",14.8718280856561
591758615,"control",22.4713606103789
18500504,"treatment",23.5488997153945
155964281,"control",15.665903418697
599795899,"treatment",19.5782307302322
1303347625,"treatment",15.331315977547
1006161158,"treatment",21.4193955325011
2479343262,"treatment",23.058508300706
113019466,"control",12.6462231705022
1242929493,"treatment",15.4150307916361
346546081,"treatment",19.4054261842182
6499187,"treatment",20.2483242300173
616395103,"treatment",15.9791740342834
522824795,"control",19.0302056077609
1228293020,"treatment",17.9704348519467
1139736106,"control",12.7002593132855
532126912,"control",11.5404829810202
194655330,"control",10.8733730391087
526182873,"control",13.4948608580357
464331350,"treatment",21.652956422491
2206784187,"control",11.8923197160609
932051485,"control",11.9830399408694
907583200,"control",13.3593121820635
63943015,"treatment",15.4150426165431
787063143,"control",15.3869440625358
1989947227,"control",16.9434281777866
860946470,"treatment",16.8268763576083
2367053235,"treatment",16.6927229571145
546474589,"control",10.9155713144208
537448306,"treatment",18.9486797546042
627898721,"control",13.3778426821967
773118520,"control",21.3960663971986
851357229,"control",19.0781832164411
266464179,"treatment",18.466171298365
623963286,"treatment",21.4500164667803
795717883,"treatment",16.5992977968115
783559923,"treatment",17.7934423708252
730244882,"control",12.2461787633049
1431841628,"treatment",20.3831040359847
1238627624,"treatment",23.1963715171154
190229068,"treatment",19.8167678696869
595623118,"control",12.9342702409775
263369051,"treatment",18.4170160964687
1012349154,"treatment",16.1016792111725
1193480064,"control",13.9741810088712
1149955042,"control",17.8625531268856
476568582,"control",13.4918595886757
567479019,"control",20.7459042714449
118524471,"control",12.8370149111208
79485836,"control",16.8493710406483
702603596,"treatment",24.7359701695577
204144635,"control",16.5219852057094
80199473,"treatment",15.9482435827088
1025999002,"control",10.1104308513458
629320153,"control",13.20343356963
488579008,"control",18.1429751444156
1045737044,"treatment",16.2266352145053
1197429528,"treatment",16.1640207685726
313384551,"treatment",26.694319823587
917896829,"treatment",20.3606537455721
373512021,"control",13.4858079949492
105628940,"control",13.3961354298813
542010934,"control",12.6816391817743
1058285461,"treatment",20.4613819947081
480990307,"control",10.4029999855765
298691363,"control",12.2748046702098
1617637254,"treatment",18.2703653845429
1336295067,"control",15.8193997081141
1932748040,"treatment",15.5117283873372
426462050,"control",16.7191280440841
379170020,"control",11.271673949453
706284495,"control",11.1095261521835
301852375,"treatment",24.4004180507229
76949929,"control",10.9120951666818
202806411,"treatment",16.0781358061814
602446155,"treatment",19.5420575180606
1751671379,"treatment",18.7649996223234
36933349,"treatment",17.3891126126668
1562035174,"control",15.9648365237475
1602486449,"control",11.3064509225162
333531049,"control",10.806152489756
632497925,"control",12.530823414622
271315159,"treatment",19.836146292973
452792233,"treatment",22.8142868314867
350387955,"treatment",19.9091960146884
803336989,"control",18.7857391261342
572790572,"control",21.2121469596973
902841598,"treatment",17.9880064841448
370868554,"treatment",23.3840241628817
1529979512,"control",19.7330178073979
1323394646,"treatment",25.3489581605334
1465607958,"control",22.8802982875855
1171438448,"control",19.0164732869902
1575687790,"treatment",15.6778168953326
73977634,"treatment",23.1919648500498
491366022,"control",10.5266432448328
1009649513,"control",11.1967514416769
1425894591,"control",14.177539296764
479391422,"treatment",22.7087940450408
1391292332,"treatment",18.6056696962891
657116854,"control",15.5887912415386
664780712,"control",15.4190258133002
156458591,"control",12.2893514199385
312549664,"control",13.2534797523931
1038862598,"control",10.0340728620038
362737942,"control",13.1620448296892
1787033945,"control",10.2181678251361
582392097,"control",11.291155026681
1464549920,"control",14.617454785396
73864276,"control",13.6556931424054
559018345,"treatment",17.1056823969406
817095225,"control",13.792644402171
734086089,"control",11.1970064469728
645121035,"control",12.7742407360683
594685793,"treatment",15.1748713773492
641583475,"treatment",19.0407958074317
921657151,"control",12.4549486526808
157343231,"control",10.1527353639721
197001274,"treatment",19.6568471721681
448597915,"treatment",16.1152820561653
906025397,"treatment",24.7837007799854
144911463,"control",15.5766188711174
81904585,"control",13.0221628507462
433740279,"treatment",17.0086908205529
83016009,"control",17.3807711446095
2799821716,"treatment",15.0087778126732
808875543,"control",17.0287712377438
528311598,"control",10.2353458431735
314525739,"treatment",16.6393168361775
1962173406,"treatment",23.4170958433266
805962832,"control",17.7011369345658
418394625,"treatment",18.8860410738046
666258575,"control",11.2864498685465
367920798,"treatment",16.6329892051257
1193353387,"control",16.2034687779235
757576411,"treatment",20.8511139367254
320579212,"control",12.1156175684959
337216531,"control",14.3397607394364
259969478,"control",14.4031278829942
1033972379,"treatment",17.8914943704343
1609916857,"treatment",16.5865588485872
405961817,"treatment",19.345687719635
798305066,"control",19.6884239702662
752716557,"treatment",20.2222989382355
2164446551,"control",11.3854739245069
1099196319,"treatment",16.1558910181916
1118071471,"treatment",18.7257958820746
767295243,"treatment",23.4425032237883
2037540848,"treatment",19.1323199130883
304127446,"control",13.9496825373717
32097512,"treatment",20.8052269318207
2849679752,"control",14.4427798147881
80543521,"treatment",17.7150796317836
190533113,"treatment",17.1653126740721
601790246,"control",10.3942484677817
152390497,"control",18.4046627524976
1707074192,"control",10.849912479205
414368594,"control",17.2751517916574
45304810,"treatment",17.980107999338
2191519836,"control",15.2961272516915
191056494,"treatment",19.8913510906276
910428184,"control",12.887425799383
594777017,"control",14.2638860589018
65303924,"treatment",17.7549013335254
602223864,"control",13.0728076605312
848275706,"treatment",21.1782233543523
261772683,"treatment",28.2448668819741
29822760,"control",17.1833239303874
617969341,"control",10.0199149866168
1030065252,"control",14.2224427529173
1169826146,"control",17.2947732480201
1616934707,"control",16.5086511668845
1444874793,"control",14.2842154528524
1632037184,"control",16.5330036805644
910882530,"control",11.4420873584454
344909432,"treatment",19.8541789218849
899107859,"control",11.6685054719738
901700679,"treatment",17.0565792212328
61242645,"treatment",19.2756687925908
1296849527,"control",13.5222782690113
789652032,"treatment",16.9730914239315
177485676,"treatment",15.1473417772003
644771355,"control",10.6654912885114
784752375,"control",12.7237260657456
616001987,"treatment",21.2283680011472
581613745,"control",13.0405073629027
336983873,"control",14.179214690817
1431555948,"treatment",17.6312116078344
268415476,"control",11.6456632861113
1750741340,"treatment",16.8518439613534
1836215973,"treatment",16.7809371640538
582425027,"control",12.5123339591571
1059993381,"control",18.0506138328025
1594015,"treatment",16.5129922125452
739231805,"treatment",20.7555019664192
55455433,"control",15.0470413654568
167920449,"treatment",15.9250886348774
1683014225,"treatment",17.0903211416617
1359458016,"treatment",18.1429253797817
816921500,"treatment",17.2391038038141
1242669836,"treatment",16.7361213914105
1294104786,"control",10.4668858383489
502666077,"treatment",15.0526815762192
1647366547,"control",14.7418254378211
1902922376,"control",12.0258674781131
29037709,"control",13.4539289694213
840389643,"control",16.186664667056
710701363,"control",16.0194258987837
428118097,"treatment",16.6873629337354
828324823,"control",17.5291407255745
1628081349,"treatment",22.1594242712588
72023567,"control",10.4033880815356
611017679,"treatment",22.6164732604415
1500223430,"control",12.5084722598026
1078485194,"treatment",18.5593721960467
1234716450,"control",15.3583036653184
1267486370,"treatment",22.9943443336021
88800522,"control",13.7204959496199
587810074,"control",10.4905352422058
971175155,"treatment",16.3497880750764
48432498,"control",12.7366004841377
339189001,"treatment",16.5075111301822
35819532,"treatment",26.1619910627473
1579446846,"treatment",26.5355065790781
19984627,"control",13.870138735972
1187023947,"treatment",19.131846956425
559049305,"treatment",20.9677230419273
202856848,"control",17.6633676409987
515865487,"control",10.0382935057728
964765074,"treatment",21.7240528776011
5796864,"treatment",15.7613699263731
869915860,"treatment",18.7425780282972
1521313312,"treatment",18.4940680427379
286930437,"control",13.9124405853726
139754997,"treatment",23.4946594806171
104287347,"treatment",19.9373459800895
199591093,"control",13.0542849949077
383806386,"control",14.5619702460276
241952495,"control",14.6461000979616
2410140788,"treatment",24.4183071409724
137722442,"control",14.683701102451
1732013037,"treatment",24.2616871060761
1090860455,"treatment",21.1970758518748
52220131,"treatment",18.8985395842753
442545629,"control",10.665605543663
391358464,"treatment",19.3586030100455
229790344,"control",14.3590665350374
693666090,"treatment",25.1687533126958
327712765,"control",10.8545442519021
612210679,"control",10.3236808080533
1540154985,"treatment",19.780259757473
396311056,"control",14.5412051494203
758875352,"control",10.5619745975869
491615574,"treatment",19.6854897857753
1676046552,"treatment",15.4951498126608
40614551,"treatment",20.0567918693284
65635182,"control",11.8963555940021
3080178418,"control",21.3905898383837
2178610135,"control",14.4827222411836
725896593,"control",11.2540634529458
1658131570,"treatment",19.7629861450429
173758057,"control",12.0819183982915
993373704,"control",15.3552887346865
675190393,"treatment",17.4115161758345
1100145672,"treatment",16.2726535195784
774584298,"control",12.8292040073581
1677017536,"treatment",22.4632713871998
1051265710,"control",10.4280054414638
915279052,"treatment",19.1046708172097
236153701,"control",20.8112249700015
392939296,"treatment",16.8522584919612
620214148,"treatment",18.0755920190208
494045775,"control",10.3710176795565
1896952874,"control",12.7036206487811
54311288,"control",14.3615853138277
1917955769,"treatment",24.6357227056387
241750218,"control",11.1296187152275
1040623488,"control",13.0783001876847
278065038,"treatment",16.3905866137071
1544558539,"control",13.3372368332032
1045283733,"treatment",18.4217824919652
1230076323,"treatment",18.7461302702325
1166208366,"treatment",21.0564841774994
198019949,"control",10.1162345243403
777856697,"treatment",15.1622616697389
496894995,"control",14.5149561223369
100646142,"control",10.3706477256258
413948129,"control",13.8257066288929
711033962,"control",16.8684407851383
2397506069,"treatment",15.2306505126012
1067791068,"treatment",17.4797884333952
416356185,"control",13.6445351159288
53458635,"treatment",16.9229603192549
1826611828,"control",11.7702138939598
922053363,"control",10.6959123753951
1074089661,"treatment",19.0789019818989
272263434,"control",10.3679615925815
1674466615,"control",10.1677858253714
1185509949,"control",13.0958770249419
887471265,"treatment",15.1101071610739
240311406,"treatment",16.6363338734124
542423718,"treatment",19.9103669525258
53004879,"treatment",23.2462079009562
1123629293,"treatment",17.2656907293754
441556203,"treatment",20.8929285100166
1732496615,"treatment",17.6550492982478
1406280402,"control",12.9797922644567
451869639,"treatment",25.3456603617367
1389902312,"control",12.5674391102682
1018123120,"treatment",19.5661079635887
748633931,"control",20.2083582286237
176011468,"treatment",15.4975935131926
2617679502,"treatment",17.1040192369845
1730285900,"control",12.8712412686681
701483261,"control",15.9032034500447
608913268,"treatment",23.7175691231293
414270194,"control",10.8335913174872
15928090,"treatment",16.2565773191427
547934968,"treatment",19.8678678967116
796226838,"treatment",20.6262779963653
191398094,"control",10.9589623349055
917800160,"control",16.4294816384909
535433703,"treatment",18.4780812588561
1125106990,"control",11.3811841867231
570604663,"treatment",19.5117637019693
658260888,"control",16.814757550894
912434341,"treatment",22.3676687678238
822865098,"control",14.9905742254533
559300441,"treatment",18.8838762190324
401542307,"control",18.2862946753712
1172011490,"control",15.8618974993862
1040617474,"control",10.9113494350387
603676168,"control",10.235937917998
958340823,"treatment",17.6751169557367
363213342,"control",19.0210410945835
760334073,"treatment",22.1270673341538
1680835658,"control",15.5640890045959
523426772,"treatment",18.0110594043294
560999733,"control",11.7728763072331
849430315,"control",11.0188511698655
2019659314,"control",12.9245716100745
1287543297,"treatment",19.7515213917745
557483738,"control",10.6419847514975
742908195,"treatment",27.1274902379865
1364288704,"control",12.969783318834
391724628,"control",12.5554775744393
566656531,"control",11.7944045006076
458480203,"control",11.5961752537106
277883977,"control",12.7297023247788
690986662,"control",10.4655781971217
2245759533,"control",17.5239318492544
352383954,"treatment",16.709533986879
195621581,"treatment",16.7487551013823
443625503,"control",12.5163210809331
148468855,"treatment",17.7502343892119
72441502,"control",12.8531409066556
828990145,"treatment",22.232988838769
624896191,"treatment",18.063719173386
1166560804,"treatment",18.9603467766142
310395865,"treatment",24.7579103858858
300602501,"treatment",25.1410981317642
685780987,"control",11.759881471759
14164984,"control",10.1034410744714
1913061363,"treatment",26.795551968612
658681951,"treatment",18.2842106257454
1193306163,"treatment",15.9152124583268
1060825104,"treatment",20.4031664147453
494880239,"control",12.1355925800811
1269208888,"treatment",16.0492248238338
1840792629,"treatment",16.0530392006703
1706097364,"control",17.8638115840354
1976668279,"control",11.8378697633911
296346876,"treatment",17.2763583458098
1502415104,"treatment",23.2818361256869
1211758049,"treatment",18.5345376566923
1824992585,"treatment",17.1513085404016
163642126,"treatment",16.7650279498908
85821540,"control",11.4035862323062
798985199,"control",15.0225145654111
14870357,"treatment",15.2763078305169
1326342696,"control",11.2786152210198
202571966,"treatment",18.5834839523988
398323684,"control",16.1130673590507
657146969,"control",16.2626269456213
431445780,"treatment",18.3002555667628
1739130096,"treatment",17.8712928169587
615442526,"treatment",18.2794382267287
268155501,"control",15.1020356775119
27077778,"treatment",16.9404522696862
1082179957,"treatment",17.669994465519
1429433687,"treatment",15.9678106371095
133340981,"control",11.617608328546
1138177480,"control",13.310444577498
553850028,"control",12.9702528519788
1638331382,"treatment",18.3574425805037
1106898340,"control",14.4577553129355
2063692388,"control",11.9340868826839
189846395,"treatment",19.4019841028439
1614375716,"control",11.0111893472026
256450268,"treatment",19.5847130377122
741738761,"control",10.5843614641392
84030094,"treatment",19.4519271138073
1527576133,"treatment",24.3837710632926
271148863,"treatment",20.6513909283413
1521016158,"treatment",16.6161725022771
111418372,"treatment",17.752186731588
866611878,"control",14.9711509637067
336429493,"control",16.0838747709286
983709801,"treatment",15.7051613659445
685826698,"control",18.9183759036298
505852629,"control",13.8590750496313
1299749520,"treatment",18.9054426630839
1929437587,"treatment",18.3788234251941
744641816,"treatment",23.173205753692
88520566,"treatment",19.5767009605481
1461299155,"control",13.4874083265596
8918539,"treatment",17.4093518714635
386350759,"treatment",18.0976185210598
213308320,"treatment",17.0179934344878
42994497,"control",10.8534821886899
762116009,"treatment",16.7729007129165
1330828757,"treatment",17.9622896043121
983519318,"control",12.4425506865887
686267388,"treatment",15.1222524978847
241223455,"control",16.5288883319189
388364583,"treatment",15.9451800193541
1143726293,"control",14.8984843437256
847243317,"control",10.229841302792
442397455,"treatment",16.1026537529246
569687087,"control",10.8994854604025
605895835,"treatment",15.4072082357448
777344223,"treatment",21.4656251132811
141838548,"treatment",23.6421887021974
1729517728,"control",10.9703707562321
475025747,"control",12.3402744384273
217954434,"treatment",23.0501398279347
437256821,"treatment",15.4563220561453
360149841,"treatment",21.3891513373084
136469727,"control",17.0094912378985
1335314075,"treatment",16.13114034174
771281758,"treatment",21.6600301810453
94125463,"treatment",18.7629290392338
3675775,"treatment",20.0917733561494
1450168563,"treatment",22.2525241278337
371526406,"control",18.4509374909097
804651932,"control",14.3607271614055
775840464,"treatment",25.7518673774091
611051426,"treatment",16.3276986980231
393701835,"treatment",22.7843540236302
1406899086,"control",14.8258646449208
926918712,"treatment",16.8408600825956
1230560776,"control",16.5760798198041
241470388,"control",16.0127028864804
592370389,"control",11.219235906655
904800938,"treatment",24.8671467023926
1240112054,"treatment",22.7054047448156
884335234,"control",11.7628785808062
981866527,"control",13.5981880977317
83200389,"control",14.8629521934257
757546427,"control",12.907102392655
1463703873,"control",12.2152502823818
2084949905,"control",14.1303886868697
225507942,"control",14.8754525965052
736087953,"control",13.0808859045796
2251483512,"treatment",25.3089028958412
444090769,"treatment",18.3711464856836
972406955,"control",18.001201960006
758500734,"treatment",25.416045659036
966017351,"treatment",20.9021822869109
443462817,"control",14.7892044307264
736667172,"treatment",21.3127067666407
261717801,"control",11.3599721299382
2006537258,"treatment",17.134412766866
1193876242,"control",12.2734759858104
247281542,"treatment",16.6862626626028
377242097,"control",11.4181035975667
2231608329,"treatment",22.2557785027317
1337489322,"treatment",18.3678580448901
111692045,"control",13.4966836773179
1197925739,"treatment",19.8170592152113
456027923,"treatment",19.2770947446326
1338002167,"treatment",21.0700336478425
165178988,"treatment",19.2402015874765
488679174,"treatment",18.4739118270771
954087769,"treatment",18.4098114512079
2195451633,"treatment",15.9956837311749
1051916930,"control",24.8492076628382
355671095,"treatment",23.1829575137966
530244981,"control",11.6470212524247
365096162,"control",12.7438660624818
1264411239,"control",13.8496982813782
1048521942,"control",15.7463565526063
1517781565,"treatment",22.9898397367493
1041330419,"treatment",16.1903333560724
416657618,"control",11.6513696793906
46354951,"treatment",18.0797843887397
459111950,"control",11.6427016955885
984943272,"control",15.1822807726487
767119717,"treatment",19.0114527328992
623328929,"control",13.1530124254263
666853837,"control",17.5787034024211
1177133269,"control",11.2576758578434
1285304889,"control",11.5780583948507
970411363,"treatment",18.7149443971458
817356624,"control",14.2657392653046
1950737194,"control",13.7184522029535
309057662,"control",14.2459687828401
665137822,"control",15.8787707617378
769703605,"treatment",20.9126707330758
1827930554,"treatment",18.3839399900292
656707262,"control",18.4424352305035
445701649,"control",12.2841347361395
1335376304,"control",11.020968255198
1121730433,"treatment",15.8763580296094
1692208101,"control",16.25145396999
2010845566,"treatment",19.5656464177385
635692209,"control",11.233030227485
991592857,"control",12.6551438523068
1059679200,"control",10.2849193230968
1019965245,"treatment",18.1310276567396
1130998285,"control",16.3688140346212
124567627,"control",15.7463632777689
1140121944,"control",17.3855603353489
485119448,"control",10.7241678092818
1916577615,"control",14.6082748248481
1337590288,"control",11.4049776766894
276335924,"treatment",19.3661062974927
736971066,"control",15.5717007890118
357132375,"treatment",18.8157101783624
366907775,"treatment",24.5701546630264
620710617,"treatment",15.2157969113932
1670147057,"treatment",18.7326018713464
524739101,"treatment",16.8752665311418
1342170130,"treatment",17.166507309068
1782657407,"treatment",15.9995938510894
271466877,"control",10.1359392848557
1300774842,"treatment",16.7479458878666
659988345,"treatment",21.0727814178906
1563948845,"treatment",21.2411838869645
317240096,"treatment",20.6367151159792
655547150,"control",17.065437462396
33199002,"control",16.7545531629821
1380264646,"treatment",16.3266854983925
1344086742,"control",16.3754784568839
299064668,"control",15.7182689117235
167229850,"treatment",15.2334455090088
1876612011,"treatment",15.9614631344973
248572072,"treatment",19.7916831035462
449273653,"control",12.891388050039
81113368,"control",10.5555710523702
87421580,"control",10.2929860965742
110590478,"control",10.4680750137402
56537030,"control",20.6833466137199
1754612373,"control",13.9966175406863
2684068509,"control",12.5779472945646
568650785,"control",18.4195094184333
1774252101,"control",10.4807318622228
684084433,"control",16.4038471678823
957001939,"control",12.031424052332
1089162900,"control",12.7253985821197
1192563584,"treatment",24.5032510366814
567612957,"control",12.5696544893803
636002265,"control",13.002693341588
324806028,"treatment",20.444529100264
568218633,"control",13.7434925963651
905350443,"control",21.8377919415458
1033235424,"treatment",17.9351223023307
990658350,"treatment",22.3677926837763
807474699,"control",14.4165233085228
414311597,"control",12.5081777622977
1454975396,"treatment",18.8813009860191
31593119,"control",10.9753686907085
636590339,"treatment",18.2859363071746
39853256,"treatment",20.9458799285401
189040102,"control",11.4505368211912
1084804929,"control",15.6518646944623
770588637,"control",12.7229687272063
738101585,"treatment",17.9952882998658
757014516,"control",10.6649350045148
6817506,"control",11.7473009350287
1060646910,"treatment",17.5129252591152
152735061,"treatment",16.4502440582968
75380044,"treatment",22.8563549694342
1383649238,"treatment",16.828783573513
73006492,"control",11.729275434939
1175157098,"control",17.7580790178805
154421331,"control",11.2816644863719
413810374,"treatment",21.093285442271
999147516,"treatment",23.3108998823427
424126130,"treatment",17.4837573103026
1007585675,"treatment",20.9001051492569
1037935703,"treatment",17.1619973022047
2075041693,"treatment",16.5839254794714
977472559,"control",10.0402990164342
147505683,"control",13.7237752462704
2506406721,"control",20.8468154181423
1235295229,"treatment",17.4407905600128
446494477,"control",13.8721587203552
424745708,"treatment",20.7142663433175
658868102,"treatment",22.2623120217386
312742334,"treatment",16.372394505649
337041321,"control",17.9149902723511
1625818080,"treatment",17.1225491805109
712686668,"control",18.2517250951229
97044316,"treatment",15.4381113211381
1752571394,"control",12.8067028569804
661316980,"control",12.3737243778372
1299387584,"control",15.0350969312567
895045562,"treatment",23.9612434990753
1238855209,"control",16.3614090756486
1551405161,"control",13.7519690805147
1766712064,"treatment",20.0743055328338
1456103468,"treatment",16.3985211088206
501938591,"control",14.9669342262254
445264145,"treatment",18.9564464263134
447997333,"control",16.0515941182952
453245491,"treatment",17.4053056109021
363973428,"control",13.170543082334
232069954,"control",18.0148732381594
381596965,"control",14.0136869555259
2282291180,"control",19.4964742611266
1669211185,"control",16.3602974826568
821586691,"treatment",21.6414643212819
948994984,"control",12.5656477567073
604249011,"treatment",15.8072123609388
1721352461,"control",16.8174925279727
82960471,"treatment",15.6765883003317
648000058,"treatment",21.8797401307325
231225644,"treatment",20.0488032323977
509828306,"control",17.4588055124731
715088960,"treatment",15.0789188188031
801529541,"treatment",23.0372706505747
123333840,"treatment",22.6164342958631
573950415,"control",10.5111522586106
292128379,"treatment",18.8387839142109
1973820412,"control",17.7930718582682
1041455365,"control",10.5624556603043
1409402298,"control",10.5312671825431
625267965,"treatment",16.8282108332464
501621793,"control",17.4759932756936
202874206,"control",13.1042697895115
648378604,"treatment",16.3608825870065
432887906,"treatment",19.5776360521785
1459724438,"treatment",22.5856863725231
1463734305,"treatment",20.0506049040849
214701991,"treatment",23.9897383726724
1357452709,"control",15.9076483820774
969725436,"control",15.0144471828846
947971879,"control",13.4394187976597
352466630,"treatment",22.3607806753884
458049299,"control",10.7721664961484
501648757,"control",10.1501242201704
145190873,"control",13.7104105251067
952603322,"control",15.0392702585774
786383737,"treatment",18.1862354649711
1033078331,"treatment",20.5026511123428
628429347,"treatment",21.1035883023803
1153694228,"treatment",21.0719485851664
408225435,"control",12.4688613927004
426105294,"treatment",21.4250104030629
754633969,"treatment",18.9846499396578
626489659,"treatment",20.6421468849542
1253153048,"treatment",20.392122238236
740089229,"control",11.8942330057633
602530552,"control",11.4882467767495
124422720,"control",13.1538644872201
850556406,"control",13.686154175802
464278872,"control",18.9970147169981
1046199357,"treatment",20.2378531118981
1369249840,"control",10.2433352910776
515321197,"control",22.0506438045712
498175726,"control",16.9640007347237
216625535,"treatment",17.967291351891
208136305,"control",14.9542320389825
355478707,"control",16.4277923526654
1134809409,"treatment",17.2445822094407
1772762895,"treatment",20.5201789647979
658556102,"control",15.2411855863561
852981288,"treatment",17.0664141432245
331176694,"control",13.0157826177139
495679671,"control",10.629766898172
191369592,"control",11.0693689149564
586681840,"treatment",21.5045321071974
730000724,"control",10.0594798525379
1022043058,"treatment",15.7342842653451
560598079,"control",11.0809807530371
40472025,"treatment",15.0768431898175
1294966789,"control",13.2473522437563
177143995,"control",13.4195104258134
549621627,"control",12.9360757394311
1113027540,"treatment",15.5628787626064
275563690,"control",17.2845166142469
703866014,"control",13.7863568533843
378561166,"treatment",21.0018303000511
252100320,"control",15.6897898031046
35353522,"control",12.7573469194685
271707060,"control",15.0606467872846
505792271,"control",17.3998623591531
635041412,"treatment",25.5148968635177
1083433789,"treatment",16.9744379379575
110381500,"control",10.6431386595585
1286000440,"control",20.8048653761118
365281816,"treatment",20.897843736894
1207509558,"treatment",15.4136549268426
844591658,"treatment",23.4608842735441
609835671,"control",22.3360240570424
1843709357,"treatment",16.8791724266952
120839795,"treatment",20.1013321122077
1279357425,"control",13.3535664573278
2097460112,"control",12.0952939770474
156619607,"control",10.1279423558184
123393820,"treatment",15.7528007332754
630063639,"control",10.877506033304
969863161,"control",17.0033943620043
970472349,"treatment",22.1811279661697
49135641,"treatment",17.0253091130529
2307053316,"treatment",26.3168238339168
1037084443,"treatment",18.8939963952204
1567021815,"control",17.7972455092168
1236000711,"control",10.131786388968
297757683,"control",10.3190082972939
1115435330,"control",14.2827605750595
109036901,"treatment",17.3884732229103
905659078,"treatment",15.602956666699
763668714,"treatment",15.337674616488
2365556913,"treatment",19.7341410901629
957439401,"treatment",18.93203354744
13866599,"control",12.2223561771981
871522793,"treatment",17.0371161164571
853731195,"treatment",20.1029809490713
63330382,"treatment",17.5686793285263
763864625,"control",16.1838333757179
712494121,"treatment",15.8558633564398
217820211,"control",15.5277584823275
821657060,"treatment",17.3359859304266
287850972,"control",20.0952929376463
1186421634,"treatment",17.5818755270136
379145891,"control",10.4636495952184
12490390,"treatment",16.9793071204138
116280633,"treatment",19.9682630378521
309042774,"treatment",17.5183394681918
1177498795,"control",12.2230107264279
339384853,"treatment",22.3473710727205
27261166,"treatment",22.572241143052
801295591,"control",19.907383748261
891869915,"treatment",20.7115358058458
908161891,"treatment",15.7835990051834
1442470651,"treatment",23.3589724625417
171250548,"control",15.6292922728658
1527013523,"treatment",21.5658213199433
674506960,"treatment",15.3516904235531
756984622,"treatment",17.1075477633614
286137039,"control",19.1280191949978
1266805082,"treatment",20.4015747984172
1929257291,"treatment",16.2820649255563
1216594154,"treatment",16.6832829320235
168721818,"control",17.0256452505329
1076130046,"treatment",15.6650814435096
2965389354,"control",20.9649643618155
1452021759,"treatment",15.9080096308226
632436817,"control",20.4933391105822
1014048737,"treatment",20.2784183221619
93312982,"control",10.0459727017383
739120507,"treatment",21.42628873014
899120616,"treatment",22.1309951971928
1253622409,"control",12.3700079370369
421060988,"treatment",17.0379576824373
478893628,"control",10.3348529947577
458138257,"treatment",20.2670209865726
1123779656,"control",13.9880484097199
465013919,"control",12.7665728756101
199911136,"treatment",17.2851467954365
470299899,"control",14.7824884035538
715020905,"control",13.4369738557108
988197258,"control",10.2476849362321
273781503,"treatment",16.3042670243299
527699664,"control",15.4312840806599
122881296,"control",13.3203479437518
181086432,"treatment",16.5484908817252
385457641,"treatment",28.1660325455277
1188081139,"treatment",16.9318401977877
517549623,"treatment",18.8540518367486
601875742,"control",16.4753609552695
680487143,"treatment",15.3419643870033
350210048,"control",11.3350069346823
665896865,"treatment",17.798281095209
120264618,"treatment",16.9172408337157
379190133,"control",13.8770061112972
1080963207,"control",13.8247184064007
477821203,"treatment",17.1120626788745
1190456598,"control",17.6671617328566
492468136,"treatment",17.6100198723306
66128287,"control",14.9075061986376
590986867,"control",12.763393123363
288823634,"treatment",16.0385920085646
21975540,"treatment",16.0625871707347
733378621,"control",13.9431606943238
758777928,"treatment",18.7322953265227
75097707,"treatment",23.5771197108317
1446215509,"control",18.1809769617551
1670000827,"treatment",17.9113805634897
316614901,"treatment",17.7859899217721
992999991,"treatment",21.2300883661015
724475538,"control",17.0430392530068
755545003,"control",10.4307449356721
463717974,"control",17.4474865801032
536606918,"treatment",24.8367051474005
1066750035,"treatment",18.5810142518885
1645619107,"treatment",24.4788202091693
1259682278,"control",12.8486209438495
423002758,"control",12.8065790972521
9437888,"treatment",17.3358680180621
427840815,"treatment",19.9697357154439
757117654,"control",17.3373854022668
547259632,"treatment",18.5228111949297
78435330,"treatment",18.6516010195141
220586289,"control",19.6120879514381
256511787,"control",19.7258648758989
604075323,"treatment",15.466508238102
732992163,"control",16.5508662944735
1931094,"control",10.8775786392511
308206898,"treatment",19.8486843363874
1171229164,"control",14.4225132367797
783437318,"treatment",20.0220566942776
1653302278,"control",14.3340076775022
955613345,"control",17.0592603567195
1008166869,"control",17.5303903527699
801540196,"treatment",20.573437285535
34068979,"treatment",17.7424853390309
1617001062,"control",21.0329742039182
15903110,"treatment",19.1556579855271
646264842,"treatment",16.6416621916538
1003011229,"treatment",15.7311731694968
1096678481,"control",11.6260976244501
1232097236,"control",10.7148645951212
1600127459,"control",18.7106189070099
792439217,"treatment",26.8862986135361
900675978,"control",13.6250048323813
807445120,"treatment",18.5397926371725
1289366711,"treatment",17.6272468194649
939410430,"treatment",17.9289356993194
2004856159,"control",10.6326398356539
972404782,"treatment",17.345545188954
733502265,"control",12.1018339778166
703369964,"treatment",15.8570606862674
456586743,"treatment",19.989505607456
357709251,"treatment",15.9965633292444
167040640,"control",11.4417858363553
2003183739,"control",12.6790340109821
1630083409,"treatment",29.4333697283923
332834284,"control",13.8649681226232
231886986,"control",18.5189230942776
518557854,"treatment",21.8891209579339
1391969330,"control",11.047965604868
1762365282,"treatment",20.3047634340182
619978224,"control",19.1293871592403
156588584,"control",12.6374306726079
1809525243,"control",13.2735242114116
151337521,"control",12.765247167639
473558562,"treatment",15.2841873597636
66441343,"treatment",22.6175777069342
49566194,"treatment",15.148420158165
1787226590,"treatment",16.5276735119883
19245891,"treatment",15.2004527249128
278150067,"treatment",18.2478455590541
928595952,"treatment",18.1173487785001
1902369456,"control",17.3017622582039
1215072733,"treatment",18.8586147232849
1619244408,"treatment",16.4316706744429
1114466642,"control",11.7382112150631
1104900321,"treatment",18.4213851267756
1331717638,"control",16.8435456300058
473771186,"control",10.6682922067265
1374486053,"control",17.0786797729212
1563303585,"control",12.9816004785096
955302349,"control",12.3671090958675
609500993,"control",16.7675255819163
995017012,"treatment",19.2377000915068
679996681,"control",11.0716408006672
491088073,"control",19.4894344626908
79328138,"control",18.0486696625838
909398147,"treatment",17.4822118880265
678045524,"treatment",15.5254198849779
1046010265,"control",16.6940077454934
554662833,"control",10.3931500508704
45238721,"control",20.06180253228
713684036,"treatment",19.4534844472431
1395787498,"treatment",22.8508225497184
999219804,"treatment",25.8444756288546
105656672,"control",13.7297822360066
728515315,"treatment",15.2956138214663
133017803,"treatment",16.5811134728887
960994653,"control",12.8573963123316
1000449385,"treatment",16.0368030785633
1334929556,"control",16.0980073868283
585622905,"treatment",15.187275465641
2464852758,"treatment",17.7537047605938
1080211571,"treatment",15.2534759251712
503652174,"control",23.5161268393693
885015882,"treatment",21.882326808397
323797661,"control",14.6393820432455
443530890,"treatment",21.2009334789728
1936436456,"treatment",16.1470095788997
792315237,"control",11.5358242973979
382656983,"control",16.4159329937222
121124606,"treatment",21.2747838723566
451745126,"treatment",20.7896386628332
2241267070,"treatment",18.59711974281
813708551,"control",10.4482175911758
311412831,"control",11.3391728672508
1563230429,"treatment",19.1894778515692
158983347,"control",16.4494045666209
1547494064,"control",18.1348909719858
189368333,"control",13.498162397997
1845104594,"control",17.823600742072
758982532,"control",11.9159366095568
1263950511,"treatment",18.2467988538918
369785963,"control",12.0888146472893
2248574971,"treatment",21.6733291148631
875673510,"control",13.4584347338386
48858580,"control",16.9148225151332
1337898188,"treatment",16.240421230404
1448330637,"control",10.93383396076
556105983,"treatment",19.5272577201707
1733280058,"treatment",16.65275272361
273958267,"control",10.867630694478
1202294642,"control",17.0776180780528
619880672,"treatment",16.3751027501371
737391710,"control",11.1026637880168
365989996,"control",13.4968297873138
426575819,"control",15.1011959554191
274525087,"control",11.136333555924
798049864,"treatment",15.493496777828
573748185,"treatment",20.7547641661284
847496034,"control",13.5505658589877
2262074698,"treatment",19.2579305346099
1344115094,"treatment",19.2306547427599
2520066395,"treatment",17.5566267240937
