Id,Price,Age_08_04,Mfg_Month,Mfg_Year,KM,Fuel_Type,HP,Met_Color,Color,Automatic,CC,Doors,Cylinders,Gears,Quarterly_Tax,Weight,Mfr_Guarantee,BOVAG_Guarantee,Guarantee_Period,ABS,Airbag_1,Airbag_2,Airco,Automatic_airco,Boardcomputer,CD_Player,Central_Lock,Powered_Windows,Power_Steering,Radio,Mistlamps,Sport_Model,Backseat_Divider,Metallic_Rim,Radio_cassette,Parking_Assistant,Tow_Bar
1,13500,23,10,2002,46986,Diesel,90,1,Blue,0,2000,3,4,5,210,1165,0,1,3,1,1,1,0,0,1,0,1,1,1,0,0,0,1,0,0,0,0
2,13750,23,10,2002,72937,Diesel,90,1,Silver,0,2000,3,4,5,210,1165,0,1,3,1,1,1,1,0,1,1,1,0,1,0,0,0,1,0,0,0,0
3,13950,24,9,2002,41711,Diesel,90,1,Blue,0,2000,3,4,5,210,1165,1,1,3,1,1,1,0,0,1,0,0,0,1,0,0,0,1,0,0,0,0
4,14950,26,7,2002,48000,Diesel,90,0,Black,0,2000,3,4,5,210,1165,1,1,3,1,1,1,0,0,1,0,0,0,1,0,0,0,1,0,0,0,0
5,13750,30,3,2002,38500,Diesel,90,0,Black,0,2000,3,4,5,210,1170,1,1,3,1,1,1,1,0,1,0,1,1,1,0,1,0,1,0,0,0,0
6,12950,32,1,2002,61000,Diesel,90,0,White,0,2000,3,4,5,210,1170,0,1,3,1,1,1,1,0,1,0,1,1,1,0,1,0,1,0,0,0,0
7,16900,27,6,2002,94612,Diesel,90,1,Grey,0,2000,3,4,5,210,1245,0,1,3,1,1,1,1,0,1,0,1,1,1,0,0,1,1,0,0,0,0
8,18600,30,3,2002,75889,Diesel,90,1,Grey,0,2000,3,4,5,210,1245,1,1,3,1,1,1,1,0,1,1,1,1,1,0,0,0,1,0,0,0,0
9,21500,27,6,2002,19700,Petrol,192,0,Red,0,1800,3,4,5,100,1185,0,1,3,1,1,0,1,0,0,0,1,1,1,1,0,0,0,1,1,0,0
10,12950,23,10,2002,71138,Diesel,69,0,Blue,0,1900,3,4,5,185,1105,0,1,3,1,1,1,1,0,1,0,0,0,1,0,0,0,1,0,0,0,0
11,20950,25,8,2002,31461,Petrol,192,0,Silver,0,1800,3,4,6,100,1185,1,1,12,1,1,1,1,1,0,1,1,1,1,0,0,0,0,1,0,0,0
12,19950,22,11,2002,43610,Petrol,192,0,Red,0,1800,3,4,6,100,1185,1,1,3,1,1,1,1,1,1,0,1,1,1,0,1,1,1,1,0,0,0
13,19600,25,8,2002,32189,Petrol,192,0,Red,0,1800,3,4,6,100,1185,1,1,3,1,1,1,1,1,1,0,1,1,1,0,1,1,1,1,0,0,0
14,21500,31,2,2002,23000,Petrol,192,1,Black,0,1800,3,4,6,100,1185,1,1,3,1,1,1,1,1,1,1,1,1,1,0,1,1,1,1,0,0,0
15,22500,32,1,2002,34131,Petrol,192,1,Grey,0,1800,3,4,6,100,1185,1,1,3,1,1,1,1,1,1,1,1,1,1,0,1,1,1,1,0,0,0
16,22000,28,5,2002,18739,Petrol,192,0,Grey,0,1800,3,4,6,100,1185,0,1,3,1,1,1,1,1,1,0,1,1,1,0,1,1,1,1,0,0,0
17,22750,30,3,2002,34000,Petrol,192,1,Grey,0,1800,3,4,5,100,1185,0,1,3,1,1,1,1,1,1,1,1,1,1,0,1,0,1,1,0,0,0
18,17950,24,9,2002,21716,Petrol,110,1,Blue,0,1600,3,4,5,85,1105,0,0,18,1,1,0,1,0,0,0,1,1,1,1,0,0,0,0,1,0,1
19,16750,24,9,2002,25563,Petrol,110,0,Grey,0,1600,3,4,5,19,1065,0,0,3,1,1,1,1,1,1,1,1,1,1,0,1,0,0,0,0,0,0
20,16950,30,3,2002,64359,Petrol,110,1,Grey,0,1600,3,4,5,85,1105,1,1,3,1,1,1,1,0,1,1,1,1,1,0,0,1,1,0,0,0,0
21,15950,30,3,2002,67660,Petrol,110,1,Blue,0,1600,3,4,5,85,1105,1,1,3,1,1,1,1,0,1,1,1,1,1,0,0,1,1,0,0,0,1
22,16950,29,4,2002,43905,Petrol,110,0,Grey,1,1600,3,4,5,100,1170,0,1,3,1,1,1,1,1,1,0,1,1,1,0,1,1,1,0,0,0,0
23,15950,28,5,2002,56349,Petrol,110,1,Black,0,1600,3,4,5,85,1120,0,1,3,1,1,1,1,1,1,1,1,1,1,0,1,1,1,1,0,0,1
24,16950,28,5,2002,32220,Petrol,110,1,Black,0,1600,3,4,5,85,1120,1,1,3,1,1,1,1,1,1,1,1,1,1,0,1,1,1,0,0,0,0
25,16250,29,4,2002,25813,Petrol,110,1,Grey,0,1600,3,4,5,85,1120,1,1,3,1,1,1,1,1,1,1,1,1,1,0,1,1,1,0,0,0,0
26,15950,25,8,2002,28450,Petrol,110,1,Blue,0,1600,3,4,5,85,1120,0,1,3,1,1,1,1,1,1,1,1,1,1,0,1,1,1,1,0,0,1
27,17495,27,6,2002,34545,Petrol,110,1,Blue,0,1600,3,4,5,85,1120,1,1,3,1,1,1,1,1,1,1,1,1,1,0,1,0,1,1,0,0,0
28,15750,29,4,2002,41415,Petrol,110,1,Black,0,1600,3,4,5,85,1120,1,1,3,1,1,1,1,1,1,1,1,1,1,0,1,1,1,1,0,0,0
29,16950,28,5,2002,44142,Petrol,110,0,Grey,0,1600,3,4,5,85,1120,1,1,3,1,1,1,1,1,1,0,1,1,1,0,1,1,1,0,0,0,0
30,17950,30,3,2002,11090,Petrol,110,1,Blue,0,1600,3,4,5,85,1120,1,1,3,1,1,1,1,1,1,1,1,1,1,0,1,1,1,0,0,0,0
31,12950,29,4,2002,9750,Petrol,97,1,Silver,0,1400,3,4,5,19,1100,1,1,12,1,1,0,0,0,0,0,0,0,1,1,0,0,0,0,1,0,0
32,15750,22,11,2002,35199,Petrol,97,1,Blue,0,1400,3,4,5,85,1100,1,1,3,1,1,1,1,0,1,1,1,1,1,0,0,1,1,1,0,0,1
33,15950,27,6,2002,29510,Petrol,97,1,Black,0,1400,3,4,5,85,1100,1,1,3,1,1,1,1,0,1,0,1,1,1,0,0,1,1,0,0,0,0
34,14950,26,7,2002,32692,Petrol,97,1,Grey,0,1400,3,4,5,85,1100,0,1,3,1,1,1,1,0,1,0,1,1,1,0,0,1,1,0,0,0,0
35,15500,22,11,2002,41000,Petrol,97,1,Grey,0,1400,3,4,5,85,1100,0,0,3,1,1,1,1,0,1,1,1,1,1,0,0,1,1,0,0,0,0
36,15750,26,7,2002,43000,Petrol,97,0,Grey,0,1400,3,4,5,85,1100,1,1,3,1,1,1,1,0,1,1,1,1,1,0,0,1,1,0,0,0,0
37,15950,25,8,2002,25000,Petrol,97,0,Grey,0,1400,3,4,5,85,1100,0,1,3,1,1,1,1,0,1,1,1,1,1,0,0,1,1,0,0,0,0
38,14950,23,10,2002,10000,Petrol,97,1,Blue,0,1400,3,4,5,85,1100,1,1,3,1,1,1,0,0,1,0,1,1,1,0,0,1,1,0,0,0,0
39,15750,32,1,2002,25329,Petrol,97,1,Green,0,1400,3,4,5,85,1100,1,1,3,1,1,1,1,0,1,1,1,1,1,0,0,1,1,0,0,0,0
40,14750,27,6,2002,27500,Petrol,97,0,Blue,0,1400,3,4,5,85,1100,1,1,3,1,1,1,0,0,1,0,0,0,1,0,0,1,1,0,0,0,0
41,13950,22,11,2002,49059,Petrol,97,0,Blue,0,1400,3,4,5,85,1100,0,1,3,1,1,1,0,0,1,0,0,0,1,0,0,1,1,0,0,0,0
42,16750,27,6,2002,44068,Petrol,97,1,Red,0,1400,3,4,5,85,1100,1,1,3,1,1,1,1,0,1,1,1,1,1,0,0,1,1,0,0,0,0
43,13950,22,11,2002,46961,Petrol,97,0,Blue,0,1400,3,4,5,85,1100,1,1,3,1,1,1,0,0,1,0,0,0,1,0,0,1,1,0,0,0,0
44,16950,27,6,2002,110404,Diesel,90,0,Red,0,2000,5,4,5,234,1255,1,1,3,1,1,1,1,0,1,0,1,1,1,0,0,1,1,0,0,0,0
45,16950,22,11,2002,100250,Diesel,90,0,Red,0,2000,5,4,5,234,1255,1,1,3,1,1,1,1,0,1,0,1,1,1,0,0,1,1,0,0,0,0
46,19000,23,10,2002,84000,Diesel,90,0,Red,0,2000,5,4,5,234,1270,0,1,3,1,1,1,1,1,1,0,1,1,1,0,0,0,1,0,0,0,0
47,17950,27,6,2002,79375,Diesel,90,1,Grey,0,2000,5,4,5,234,1255,0,1,3,1,1,1,1,0,1,1,1,1,1,0,0,1,1,0,0,0,0
48,15800,22,11,2002,75048,Petrol,97,1,Blue,0,1400,5,4,5,85,1110,0,1,3,1,1,1,1,0,1,1,1,1,1,0,0,1,1,0,0,0,1
49,17950,22,11,2002,72215,Diesel,90,1,Grey,0,2000,5,4,5,234,1255,1,1,3,1,1,1,1,0,1,0,1,1,1,0,0,1,1,0,0,0,0
50,21950,31,2,2002,64982,Petrol,192,1,Grey,0,1800,5,4,6,100,1195,1,1,3,1,1,1,1,1,1,0,1,1,1,0,1,1,1,1,0,0,0
51,17950,22,11,2002,62636,Diesel,90,1,Grey,0,2000,5,4,5,234,1255,1,1,3,1,1,1,1,0,1,1,1,1,1,0,0,1,1,0,0,0,0
52,15750,30,3,2002,57086,Petrol,97,1,Grey,0,1400,5,4,5,85,1110,0,1,3,1,1,1,1,0,1,1,1,1,1,0,0,0,1,1,0,0,0
53,20500,26,7,2002,56000,Petrol,110,1,Blue,1,1600,5,4,5,100,1180,1,1,3,1,1,1,1,1,1,1,1,1,1,0,1,1,1,1,0,0,0
54,21950,27,6,2002,49866,Petrol,192,1,Green,0,1800,5,4,5,100,1195,0,1,13,1,1,0,1,0,0,0,1,1,1,1,0,0,0,1,1,0,0
55,15500,25,8,2002,49163,Petrol,110,0,Green,1,1600,5,4,5,100,1165,0,1,3,1,1,1,0,0,1,1,0,0,1,0,0,1,1,0,0,0,0
56,13250,32,1,2002,45725,Petrol,110,1,Black,0,1600,5,4,5,85,1075,1,1,3,1,1,1,1,0,1,1,1,1,1,0,0,0,1,0,0,0,1
57,15250,28,5,2002,43210,Petrol,97,0,Grey,0,1400,5,4,5,85,1110,0,1,3,1,1,1,1,0,1,0,1,1,1,0,0,1,1,0,0,0,0
58,15250,26,7,2002,43000,Petrol,97,0,Grey,0,1400,5,4,5,85,1110,1,1,3,1,1,1,1,0,1,0,1,1,1,0,0,1,1,0,0,0,0
59,18950,23,10,2002,39704,Petrol,110,1,Blue,1,1600,5,4,5,100,1180,1,1,3,1,1,1,1,1,1,1,1,1,1,0,1,1,1,0,0,0,0
60,15999,30,3,2002,38950,Petrol,110,1,Red,0,1600,5,4,5,85,1130,0,1,3,1,1,1,1,1,1,0,1,1,1,0,1,1,1,0,0,0,0
61,14950,22,11,2002,37400,Petrol,97,1,Black,0,1400,5,4,5,85,1110,0,1,3,1,1,1,1,0,1,1,1,1,1,0,0,1,1,0,0,0,0
62,16500,27,6,2002,37177,Petrol,110,0,Red,0,1600,5,4,5,85,1130,0,1,3,1,1,1,1,1,1,1,1,1,1,0,1,1,1,0,0,0,0
63,18750,31,2,2002,36544,Petrol,110,1,Blue,0,1600,5,4,5,85,1130,1,1,3,1,1,1,1,1,1,0,1,1,1,0,1,1,1,0,0,0,1
64,17950,30,3,2002,33511,Petrol,110,1,Blue,0,1600,5,4,5,85,1130,1,1,3,1,1,1,1,1,1,0,1,1,1,0,1,1,1,0,0,0,0
65,17950,27,6,2002,32809,Petrol,97,1,Black,0,1400,5,4,5,85,1110,0,1,3,1,1,1,1,0,1,1,1,1,1,0,0,1,1,0,0,0,1
66,16950,26,7,2002,32181,Petrol,110,1,Blue,0,1600,5,4,5,19,1075,0,1,12,1,1,0,1,1,1,1,1,1,1,0,1,0,0,0,0,0,0
67,18950,28,5,2002,30993,Petrol,110,1,Black,0,1600,5,4,5,85,1130,1,1,3,1,1,1,1,1,1,1,1,1,1,0,1,1,1,0,0,0,0
68,14950,22,11,2002,30400,Petrol,97,1,Grey,0,1400,5,4,5,85,1110,0,1,3,1,1,1,1,0,1,1,1,1,1,0,0,1,1,0,0,0,0
69,22250,22,11,2002,30000,Diesel,110,1,Grey,0,2000,5,4,5,234,1275,1,1,3,1,1,1,1,1,1,1,1,1,1,0,0,1,1,0,0,0,0
70,15950,25,8,2002,29719,Petrol,97,1,Black,0,1400,5,4,5,85,1110,1,1,3,1,1,1,0,0,1,1,0,1,1,0,0,1,1,0,0,0,0
71,15950,28,5,2002,29206,Petrol,97,1,Grey,0,1400,5,4,5,85,1110,1,1,3,1,1,1,1,0,1,1,1,1,1,0,0,1,1,0,0,0,0
72,12995,32,1,2002,29198,Petrol,97,1,Grey,0,1400,5,4,5,85,1060,1,1,3,1,1,1,1,0,1,1,0,1,1,0,0,0,1,1,0,0,0
73,18950,28,5,2002,28817,Petrol,110,1,Grey,0,1598,5,4,5,85,1130,1,1,3,1,1,1,1,1,0,1,1,1,1,0,1,0,1,0,0,0,0
74,15750,23,10,2002,28227,Petrol,97,1,Grey,0,1400,5,4,5,85,1110,0,1,3,1,1,1,0,0,1,1,0,0,1,0,0,1,1,0,0,0,0
75,19950,28,5,2002,28000,Petrol,110,0,Black,0,1600,5,4,5,85,1130,1,0,3,1,1,1,1,1,0,1,1,1,1,0,1,0,1,1,0,0,0
76,16950,23,10,2002,28000,Petrol,110,1,Grey,0,1600,5,4,5,85,1115,1,1,3,1,1,1,1,0,1,1,1,1,1,0,0,1,1,0,0,0,0
77,18750,31,2,2002,25266,Petrol,110,1,Grey,0,1600,5,4,5,85,1130,1,1,3,1,1,1,1,1,1,1,1,1,1,0,1,1,1,0,0,0,0
78,18450,27,6,2002,23489,Petrol,110,0,Silver,0,1600,5,4,5,85,1115,0,1,3,1,1,1,0,0,1,0,1,1,1,0,0,1,1,0,0,0,0
79,16895,29,4,2002,22575,Petrol,110,1,Grey,0,1600,5,4,5,85,1115,1,1,3,1,1,1,1,0,1,1,1,1,1,0,0,0,0,0,0,0,0
80,14900,30,3,2002,22000,Petrol,97,1,Grey,0,1400,5,4,5,85,1110,1,1,3,1,1,1,0,0,1,1,1,1,1,0,0,1,1,0,0,0,0
81,18950,25,8,2002,20019,Petrol,110,1,Blue,1,16000,5,4,5,100,1180,0,0,3,1,1,1,1,1,0,1,1,1,1,0,0,0,0,0,0,0,0
82,17250,29,4,2002,20000,Petrol,110,1,Grey,0,1600,5,4,5,85,1115,1,1,3,1,1,1,1,0,1,1,1,1,1,0,0,1,1,0,0,0,0
83,15450,25,8,2002,17003,Petrol,97,1,Grey,0,1400,5,4,5,85,1110,0,1,3,1,1,1,0,0,1,1,0,0,1,0,0,1,1,0,0,0,0
84,17950,31,2,2002,16238,Petrol,110,1,Blue,1,1600,5,4,5,100,1180,1,1,3,1,1,1,1,1,1,1,1,1,1,0,1,1,1,0,0,1,0
85,16650,25,8,2002,15414,Petrol,97,1,Grey,0,1400,5,4,5,85,1110,1,1,3,1,1,1,1,0,1,1,1,1,1,0,0,1,1,0,0,0,0
86,17450,28,5,2002,8537,Petrol,110,1,Grey,0,1600,5,4,5,85,1130,0,1,3,1,1,1,1,1,1,0,1,1,1,0,1,1,1,0,0,0,0
87,14900,30,3,2002,7000,Petrol,97,1,Silver,0,1400,5,4,5,85,1100,0,0,12,1,1,0,1,0,0,0,1,0,1,1,0,0,0,0,1,0,0
88,17950,20,1,2003,66966,Diesel,90,1,Blue,0,2000,3,4,5,210,1245,0,1,3,1,1,1,1,0,1,1,1,1,1,0,0,1,1,0,0,0,0
89,15950,19,2,2003,51884,Petrol,97,1,Grey,0,1400,3,4,5,85,1100,1,1,3,1,1,1,1,0,1,1,1,1,1,0,0,1,1,0,0,0,0
90,21950,19,2,2003,50005,Diesel,110,1,Grey,0,2000,3,4,5,234,1265,1,1,3,1,1,1,1,1,1,1,1,1,1,0,0,1,1,0,0,0,0
91,16450,20,1,2003,48110,Petrol,97,1,Black,0,1400,3,4,5,85,1100,1,1,3,1,1,1,1,0,1,1,1,1,1,0,0,1,1,0,0,0,0
92,22250,20,1,2003,37500,Diesel,90,1,Black,0,2000,3,4,5,234,1260,0,1,3,1,1,1,1,1,1,1,1,1,1,0,0,1,1,0,0,0,0
93,19950,16,5,2003,34472,Diesel,90,1,Grey,0,1995,3,4,5,234,1260,0,0,3,1,1,1,1,1,0,1,1,1,1,0,0,0,0,1,0,0,0
94,15950,20,1,2003,33329,Petrol,97,1,Grey,0,1400,3,4,5,85,1100,0,1,3,1,1,1,1,0,1,1,1,1,1,0,0,1,1,0,0,0,0
95,18900,20,1,2003,31850,Petrol,110,0,Black,0,1600,3,4,5,85,1120,0,1,20,1,1,0,1,0,0,0,1,1,1,1,0,0,0,0,1,0,0
96,19950,17,4,2003,30351,Diesel,90,1,Blue,0,1995,3,4,5,234,1260,0,0,3,1,1,1,1,1,0,1,1,1,1,0,0,0,0,0,0,0,0
97,15950,19,2,2003,29435,Petrol,97,1,Black,0,1400,3,4,5,85,1100,0,1,3,1,1,1,1,0,1,1,1,1,1,0,0,1,1,0,0,0,0
98,15950,19,2,2003,25948,Petrol,97,1,Blue,0,1400,3,4,5,85,1100,1,1,3,1,1,1,1,0,1,1,1,1,1,0,0,1,1,0,0,0,0
99,18750,11,10,2003,24500,Petrol,110,1,Blue,0,1600,3,4,5,85,1120,0,0,3,1,1,1,1,1,1,0,1,1,1,0,1,1,1,1,0,0,0
100,17450,18,3,2003,23902,Petrol,97,1,Grey,0,1400,3,4,5,85,1100,1,1,3,1,1,1,1,0,1,1,1,1,1,0,0,1,1,1,0,0,0
101,18990,20,1,2003,23175,Petrol,110,1,Grey,0,1600,3,4,5,85,1120,1,1,3,1,1,1,1,1,1,0,1,1,1,0,1,1,1,0,0,0,0
102,16250,19,2,2003,19200,Petrol,97,1,Blue,0,1400,3,4,5,85,1100,0,1,3,1,1,1,1,0,1,0,1,1,1,0,0,1,1,1,0,0,0
103,18500,13,8,2003,18000,Petrol,71,0,Grey,0,1400,3,4,5,85,1125,0,1,12,1,1,0,1,0,0,0,1,1,1,1,0,0,0,0,1,0,0
104,18500,11,10,2003,16123,Petrol,110,1,Grey,0,1600,3,4,5,85,1105,1,1,3,1,1,1,1,0,1,1,1,1,1,0,1,1,1,1,0,0,0
105,19450,11,10,2003,14635,Petrol,110,1,Blue,1,1600,3,4,5,100,1155,1,1,3,1,1,1,1,0,1,0,1,1,1,0,0,1,1,0,0,0,0
106,16950,19,2,2003,13748,Petrol,97,1,Green,0,1400,3,4,5,85,1100,1,1,3,1,1,1,1,0,1,1,1,1,1,0,0,0,1,0,0,0,0
107,18800,14,7,2003,11500,Petrol,110,1,Blue,0,1600,3,4,5,69,1045,0,0,12,1,1,0,1,0,0,0,1,1,1,1,0,0,0,0,1,0,0
108,17450,17,4,2003,10000,Petrol,97,1,Grey,0,1400,3,4,5,85,1100,1,1,3,1,1,1,1,0,1,1,1,1,1,0,0,1,1,0,0,0,0
109,17950,20,1,2003,7187,Petrol,110,1,Blue,0,1600,3,4,5,85,1105,1,1,3,1,1,1,1,0,1,1,1,1,1,0,0,1,1,0,0,0,0
110,32500,4,5,2004,1,Diesel,116,0,Grey,0,2000,5,4,5,283,1480,1,1,3,1,1,1,1,1,1,0,1,1,1,0,1,1,1,0,0,0,0
111,31000,4,5,2004,4000,Diesel,116,1,Grey,0,2000,5,4,5,283,1480,0,1,3,1,1,1,1,1,1,1,1,1,1,0,1,1,1,1,0,0,0
112,31275,4,5,2004,1500,Diesel,116,1,Grey,0,2000,5,4,5,283,1480,1,1,3,1,1,1,1,1,1,1,1,1,1,0,1,1,1,0,0,0,0
113,24950,8,1,2004,13253,Diesel,116,1,Grey,0,2000,5,4,5,234,1320,0,0,3,1,1,1,1,1,0,1,1,1,1,0,0,0,0,0,0,0,0
114,24950,8,1,2004,13253,Diesel,116,1,Grey,0,2000,5,4,5,234,1320,0,0,3,1,1,1,1,1,0,1,1,1,1,0,0,0,0,0,0,0,0
115,22950,7,2,2004,10000,Diesel,116,1,Silver,0,2000,5,4,5,234,1270,0,1,3,1,1,1,1,0,1,1,1,1,1,0,0,1,1,1,0,0,0
116,24990,8,1,2004,6000,Diesel,90,1,Grey,0,2000,5,4,5,234,1280,1,1,3,1,1,1,1,1,1,0,1,1,1,0,0,1,1,1,0,0,0
117,21950,8,1,2004,10841,Diesel,90,1,Grey,0,2000,5,4,5,234,1270,0,1,3,1,1,1,1,1,1,1,1,1,1,0,0,0,1,0,0,0,0
118,17900,7,2,2004,1,Petrol,110,1,Grey,0,1600,3,4,5,85,1105,0,1,3,1,1,1,1,0,1,0,1,1,1,0,0,1,1,0,0,0,0
119,19250,20,1,2003,63000,Diesel,90,1,Blue,0,2000,5,4,5,234,1255,0,1,3,1,1,1,1,0,1,1,1,1,1,0,0,1,1,0,0,0,0
120,22250,17,4,2003,57313,Diesel,110,1,Blue,0,2000,5,4,5,234,1275,1,1,3,1,1,0,1,1,1,1,1,1,1,0,1,0,1,1,0,0,0
121,18950,13,8,2003,57037,Petrol,110,0,Silver,0,1600,5,4,5,85,1115,0,1,3,1,1,1,1,0,1,0,1,1,1,0,0,1,1,0,0,0,0
122,19950,19,2,2003,51099,Diesel,90,1,Silver,0,2000,5,4,5,234,1255,0,0,3,1,1,0,1,0,0,0,1,1,1,1,0,0,0,0,1,0,1
123,16350,14,7,2003,40010,Petrol,110,1,Black,0,1600,5,4,5,85,1115,1,1,3,1,1,1,0,0,1,1,1,1,1,0,0,0,1,0,0,0,0
124,18950,20,1,2003,39115,Petrol,110,1,Blue,0,1600,5,4,5,85,1130,1,1,3,1,1,1,1,1,1,1,1,1,1,0,1,1,1,0,0,0,1
125,16950,17,4,2003,36012,Petrol,110,0,Red,0,1600,5,4,5,85,1130,1,1,3,1,1,1,1,1,1,0,1,1,1,0,1,1,1,0,0,0,0
126,21750,16,5,2003,36000,Petrol,110,1,Black,0,1600,5,4,5,85,1130,1,1,3,1,1,1,1,1,1,1,1,1,1,0,1,1,1,1,0,0,0
127,15950,20,1,2003,36000,Petrol,110,1,Blue,0,1600,5,4,5,19,1075,0,1,3,1,1,0,1,0,0,0,1,1,1,1,0,0,0,1,1,0,1
128,16500,20,1,2003,35000,Petrol,97,1,Blue,0,1400,5,4,5,85,1110,0,0,3,1,1,1,1,0,1,1,1,1,1,0,0,1,1,0,0,0,0
129,17950,17,4,2003,33740,Petrol,97,1,Blue,0,1400,5,4,5,85,1135,0,1,3,1,1,1,1,1,1,0,1,1,1,0,1,1,1,0,0,0,0
130,15850,13,8,2003,33477,Petrol,110,1,Black,0,1600,5,4,5,19,1075,0,0,3,1,1,1,1,0,1,1,1,1,1,0,0,0,0,0,0,0,0
131,16250,20,1,2003,32627,Petrol,97,1,Grey,0,1400,5,4,5,85,1110,0,1,3,1,1,1,1,0,1,1,1,1,1,0,0,1,1,0,0,0,0
132,15950,20,1,2003,29797,Petrol,97,1,Blue,0,1400,5,4,5,85,1110,1,1,3,1,1,1,1,0,1,1,1,1,1,0,0,1,1,0,0,0,0
133,16250,19,2,2003,29441,Petrol,97,1,Blue,0,1400,5,4,5,85,1110,0,1,3,1,1,1,1,0,1,1,1,1,1,0,0,1,1,0,0,0,0
134,15950,13,8,2003,29371,Petrol,110,1,Black,0,1600,4,4,5,19,1105,0,0,24,1,1,1,1,0,1,1,1,1,1,0,0,0,0,0,0,0,0
135,16500,20,1,2003,29000,Petrol,97,0,Blue,0,1400,5,4,5,85,1110,0,1,3,1,1,1,1,0,1,1,1,1,1,0,0,0,1,0,0,0,0
136,16500,19,2,2003,27821,Petrol,97,0,Grey,0,1400,5,4,5,85,1110,1,1,3,1,1,1,1,0,1,0,1,1,1,0,0,1,1,0,0,0,0
137,18450,19,2,2003,27371,Petrol,97,0,Black,0,1400,5,4,5,85,1135,0,1,3,1,1,1,1,1,1,1,1,1,1,0,1,1,1,0,0,0,0
138,16250,13,8,2003,25170,Petrol,110,1,Black,0,1600,5,4,5,19,1105,0,0,24,1,1,1,1,0,1,1,1,1,1,0,0,0,0,0,0,0,0
139,23000,11,10,2003,25000,Diesel,116,1,Grey,0,2000,5,4,5,64,1320,0,0,3,1,1,1,1,0,1,1,1,1,1,0,0,0,0,1,0,0,0
140,19900,20,1,2003,23000,Petrol,110,1,Blue,0,1600,5,4,5,85,1130,0,0,3,1,1,1,1,1,0,1,1,1,1,0,0,0,0,0,0,0,0
141,16450,20,1,2003,22588,Petrol,97,1,Silver,0,1400,5,4,5,85,1110,1,1,3,1,1,1,1,0,1,1,1,1,1,0,0,1,1,0,0,0,0
142,23950,19,2,2003,21684,Petrol,192,1,Silver,0,1800,5,4,5,19,1185,0,1,12,1,1,0,1,0,0,0,1,1,1,1,0,0,0,1,1,0,0
143,19950,13,8,2003,21428,Petrol,110,1,Black,0,1600,5,4,5,85,1130,1,1,3,1,1,1,1,1,1,1,1,1,1,0,1,1,1,1,0,0,0
144,18500,16,5,2003,20629,Petrol,110,1,Grey,0,1600,4,4,5,85,1090,1,1,3,1,1,1,1,0,1,1,1,1,1,0,0,1,1,0,0,0,0
145,18950,15,6,2003,20270,Petrol,110,1,Blue,0,1600,5,4,5,85,1130,1,1,3,1,1,1,1,1,1,1,1,1,1,0,1,1,1,0,0,0,0
146,16450,16,5,2003,20105,Petrol,97,0,Black,0,1400,5,4,5,85,1110,1,1,3,1,1,1,0,0,1,0,1,1,1,0,0,1,1,0,0,0,0
147,20500,20,1,2003,20000,Petrol,110,0,Blue,1,1600,5,4,5,100,1165,0,1,3,1,1,1,1,0,1,1,1,1,1,0,0,0,1,0,0,0,0
148,24500,13,8,2003,19988,Petrol,110,1,Grey,0,1600,5,4,5,85,1130,1,1,3,1,1,1,1,1,1,1,1,1,1,0,1,1,1,1,0,0,0
149,19450,19,2,2003,18328,Petrol,110,0,Grey,0,1600,5,4,5,85,1130,1,1,3,1,1,1,1,1,1,0,1,1,1,0,1,1,1,0,0,0,0
150,20950,14,7,2003,17896,Petrol,110,1,Silver,1,1600,4,4,5,85,1150,0,1,3,1,1,1,1,1,1,1,1,1,1,0,1,1,1,0,0,0,0
151,17200,20,1,2003,17300,Petrol,97,1,Grey,0,1400,5,4,5,85,1110,1,1,3,1,1,1,1,0,1,1,1,1,1,0,0,1,1,0,0,0,0
152,19950,19,2,2003,17038,Petrol,110,0,Black,0,1600,5,4,5,85,1130,1,1,3,1,1,1,1,1,1,0,1,1,1,0,1,1,1,0,0,0,0
153,18450,10,11,2003,13747,Petrol,97,1,Black,0,1400,5,4,5,85,1110,1,1,3,1,1,1,1,0,1,1,1,1,1,0,1,1,1,1,0,0,0
154,19500,12,9,2003,13634,Petrol,110,1,Silver,0,1600,5,4,5,85,1115,1,1,3,1,1,1,1,0,1,1,1,1,1,0,1,1,1,1,0,0,0
155,21750,13,8,2003,13178,Petrol,110,1,Black,0,1600,5,4,5,85,1130,1,1,3,1,1,1,1,1,1,0,1,1,1,0,1,1,1,1,0,0,0
156,16868,15,6,2003,13157,Petrol,97,1,Blue,0,1400,4,4,5,85,1085,1,1,3,1,1,1,1,0,1,1,1,1,1,0,0,1,1,0,0,0,0
157,19500,16,5,2003,13000,Petrol,110,1,Grey,0,1600,4,4,5,85,1105,1,1,3,1,1,1,1,1,1,1,1,1,1,0,1,1,1,0,0,0,0
158,18900,11,10,2003,12500,Petrol,110,1,Blue,0,1600,5,4,5,85,1115,1,1,3,1,1,1,1,0,1,1,1,1,1,0,0,0,1,0,0,0,0
159,19750,17,4,2003,11999,Petrol,110,1,Grey,0,1600,5,4,5,85,1130,0,1,3,1,1,1,1,1,1,1,1,1,1,0,1,1,1,1,0,0,0
160,19750,16,5,2003,11754,Petrol,110,0,Grey,1,1600,5,4,5,100,1180,0,1,3,1,1,1,1,1,1,1,1,1,1,0,1,1,1,0,0,0,0
161,18950,16,5,2003,11000,Petrol,110,1,Blue,0,1600,4,4,5,85,1105,1,1,3,1,1,1,1,1,1,0,1,1,1,0,1,1,1,0,0,0,0
162,20750,17,4,2003,10000,Petrol,110,0,Silver,0,1598,5,4,5,85,1105,0,1,12,1,1,1,1,0,1,0,1,1,1,0,0,1,1,0,0,0,0
163,19600,9,12,2003,7650,Petrol,110,1,Silver,0,1600,5,4,5,85,1115,0,1,3,1,1,1,1,0,1,0,1,1,1,0,0,1,1,0,0,0,0
164,19500,14,7,2003,6500,Petrol,110,1,Silver,0,1600,4,4,5,85,1100,0,1,28,1,1,0,1,0,0,0,1,1,1,1,0,0,0,0,1,0,0
165,17650,11,10,2003,6155,Petrol,97,1,Blue,0,1400,5,4,5,85,1110,1,1,3,1,1,1,1,0,1,1,1,1,1,0,0,0,1,0,0,0,0
166,19950,14,7,2003,6000,Petrol,110,0,Blue,0,1600,5,4,5,85,1130,0,1,3,1,1,1,1,1,1,1,1,1,1,0,1,1,1,0,0,0,0
167,19950,14,7,2003,5459,Petrol,110,1,Grey,0,1600,5,4,5,85,1130,0,1,3,1,1,1,1,1,1,1,1,1,1,0,1,1,1,1,0,0,0
168,20950,14,7,2003,5278,Petrol,110,1,Silver,1,1600,4,4,5,85,1150,1,1,3,1,1,1,1,1,1,1,1,1,1,0,1,1,1,0,0,0,0
169,20500,12,9,2003,5000,Petrol,110,1,Black,0,1600,5,4,5,85,1130,1,1,3,1,1,1,1,1,1,1,1,1,1,0,1,1,1,0,0,0,0
170,17795,9,12,2003,1,Petrol,98,1,Silver,0,1400,4,4,5,19,1065,0,0,36,1,1,1,1,0,1,1,1,1,1,0,0,0,0,0,0,0,0
171,18245,9,12,2003,1,Petrol,110,1,Grey,0,1600,5,4,5,19,1075,0,0,36,1,1,1,1,0,1,1,1,1,1,0,0,0,0,0,0,0,0
172,23750,8,1,2004,11000,Petrol,110,1,Blue,0,1600,5,4,5,85,1130,0,1,24,1,1,0,0,0,0,0,1,1,1,1,0,0,0,1,1,0,0
173,19500,8,1,2004,10077,Petrol,97,1,Black,0,1400,5,4,5,85,1110,1,1,3,1,1,1,1,0,1,1,1,1,1,0,1,1,1,1,0,0,0
174,18950,8,1,2004,10000,Petrol,97,1,Grey,0,1400,5,4,5,85,1110,0,1,3,1,1,1,1,0,1,1,1,1,1,0,1,1,1,0,0,0,0
175,21950,8,1,2004,9788,Petrol,110,1,Silver,0,1600,5,4,5,85,1130,1,1,3,1,1,1,1,1,1,1,1,1,1,0,1,1,1,1,0,0,1
176,19950,8,1,2004,8574,Petrol,110,1,Black,0,1600,5,4,5,85,1130,1,1,3,1,1,1,1,1,1,1,1,1,1,0,1,1,1,1,0,0,0
177,18950,8,1,2004,7000,Petrol,110,0,Grey,0,1600,5,4,5,85,1115,0,1,3,1,1,1,1,0,1,0,1,1,1,0,0,1,1,1,0,0,0
178,19950,7,2,2004,6250,Petrol,110,1,Grey,0,1600,5,4,5,85,1115,0,1,3,1,1,1,1,0,1,1,1,1,1,0,1,0,1,1,0,0,0
179,21950,8,1,2004,5000,Petrol,110,1,Grey,0,1600,5,4,5,85,1130,0,1,3,1,1,1,1,1,1,0,1,1,1,0,1,1,1,1,0,0,0
180,22500,6,3,2004,3000,Petrol,110,0,Black,0,1600,5,4,5,85,1130,1,1,3,1,1,1,1,1,1,1,1,1,1,0,1,0,1,1,0,0,0
181,18500,7,2,2004,2000,Petrol,110,0,Red,0,1600,5,4,5,19,1075,0,1,24,1,1,0,1,0,1,1,1,1,1,0,1,0,0,1,0,0,0
182,18700,7,2,2004,450,Petrol,97,1,Grey,0,1400,5,4,5,85,1110,0,1,3,1,1,1,1,0,1,1,1,1,1,0,0,1,1,0,0,0,0
183,21125,2,7,2004,225,Petrol,97,1,Blue,0,1400,5,4,5,85,1110,1,1,3,1,1,1,1,0,1,1,1,1,1,0,0,1,1,1,0,0,0
184,21500,2,7,2004,15,Petrol,110,1,Blue,0,1600,5,4,5,85,1130,1,1,3,1,1,1,1,1,1,1,1,1,1,0,1,1,1,0,0,0,0
185,17795,1,8,2004,1,Petrol,98,1,Grey,0,1400,4,4,5,19,1100,0,0,36,1,1,1,1,0,1,1,1,1,1,0,0,0,0,0,0,0,0
186,18245,1,8,2004,1,Petrol,110,1,Grey,0,1600,5,4,5,19,1075,0,0,36,1,1,1,1,0,1,1,1,1,1,0,0,0,0,0,0,0,0
187,6950,43,2,2001,243000,Diesel,69,0,White,0,1900,3,4,5,185,1110,0,1,3,1,1,1,1,0,0,0,1,1,1,1,1,0,1,1,1,0,0
188,9500,38,7,2001,180638,Diesel,90,0,Red,0,2000,4,4,5,210,1160,0,1,3,1,1,1,1,0,1,0,1,1,1,0,1,0,1,0,0,0,0
189,11950,40,5,2001,179860,Diesel,90,1,Blue,0,2000,5,4,5,210,1205,0,1,3,1,1,1,1,0,1,1,1,1,1,0,1,0,1,0,0,0,0
190,7750,43,2,2001,178858,CNG,110,0,White,0,1600,3,4,5,197,1084,0,1,3,1,1,1,0,0,1,0,0,0,1,1,0,0,1,0,1,0,0
191,11950,40,5,2001,161000,Diesel,69,1,Grey,0,1900,3,4,5,185,1105,0,1,3,1,1,1,0,0,1,1,1,0,1,0,0,0,1,0,0,0,0
192,4350,44,1,2001,158320,Diesel,69,0,White,0,1800,5,4,5,64,1110,0,0,3,1,1,0,0,0,1,0,1,1,1,0,0,0,0,0,0,0,0
193,4750,44,1,2001,131273,Diesel,69,1,Silver,0,1800,5,4,5,64,1110,0,0,3,1,1,0,1,0,0,0,1,1,1,0,0,0,0,0,0,0,0
194,11750,40,5,2001,130062,Diesel,69,1,Red,0,1900,5,4,5,185,1140,0,1,3,1,1,1,1,0,1,0,0,0,1,0,0,0,1,0,0,0,1
195,13250,41,4,2001,123425,Diesel,69,1,Blue,0,1900,5,4,5,185,1140,0,1,3,1,1,1,1,0,0,1,1,1,1,0,0,0,1,0,0,0,0
196,11950,37,8,2001,118217,Petrol,110,1,Red,0,1600,5,4,5,85,1075,0,1,3,1,1,1,1,0,1,1,1,1,1,0,0,0,1,0,0,0,0
197,11900,44,1,2001,110000,Diesel,69,1,Silver,0,1900,5,4,5,185,1095,0,0,6,1,1,0,1,0,0,0,1,1,1,0,0,0,0,0,0,0,0
198,14750,39,6,2001,108847,Diesel,90,1,Blue,0,2000,5,4,5,210,1205,0,1,3,1,1,1,1,0,0,0,1,1,1,0,1,0,1,0,0,0,1
199,9950,42,3,2001,105699,Petrol,97,1,Grey,0,1400,3,4,5,69,1025,0,1,3,1,1,1,0,0,1,0,0,0,1,0,0,0,1,0,0,0,0
200,11950,39,6,2001,98823,CNG,110,1,Blue,0,1600,5,4,5,197,1119,1,1,3,1,1,1,1,0,1,1,1,0,1,0,0,0,1,0,0,0,1
201,11495,44,1,2001,96829,Petrol,110,1,Red,0,1600,5,4,5,85,1075,1,1,3,1,1,1,1,0,1,1,0,0,1,0,0,0,1,1,0,0,0
202,11250,40,5,2001,96518,Petrol,97,1,Red,0,1400,3,4,5,69,1025,0,1,12,1,1,0,1,0,0,0,0,0,1,1,0,0,0,0,1,0,1
203,10500,42,3,2001,92204,Petrol,110,1,Grey,0,1600,5,4,5,85,1075,1,1,3,1,1,1,1,0,1,0,1,1,1,0,0,0,1,0,0,0,0
204,10450,35,10,2001,91456,Diesel,69,1,Red,0,1900,3,4,5,185,1110,0,1,3,1,1,1,1,0,1,0,1,1,1,0,1,0,1,0,0,0,0
205,12950,43,2,2001,89968,Diesel,69,1,Green,0,1900,5,4,5,185,1140,0,0,3,0,1,1,0,0,0,0,1,1,1,1,0,0,1,1,1,0,0
206,11500,44,1,2001,89757,Petrol,110,1,Black,0,1600,3,4,5,69,1045,1,1,3,1,1,1,1,0,1,1,1,1,1,0,1,1,1,1,0,0,0
207,12500,40,5,2001,85389,Petrol,110,1,Silver,0,1600,5,4,5,85,1075,0,1,3,1,1,1,1,0,1,0,1,1,1,0,0,0,1,0,0,0,0
208,10950,43,2,2001,85017,Petrol,97,0,Red,0,1400,5,4,5,85,1060,1,1,3,1,1,1,0,0,1,1,0,0,1,0,0,0,1,0,0,0,0
209,11450,41,4,2001,84312,Petrol,110,0,Grey,0,1600,5,4,5,85,1080,0,1,3,1,1,1,1,0,1,0,1,1,1,0,1,0,1,0,0,0,0
210,11950,37,8,2001,82743,CNG,110,1,Green,0,1600,5,4,5,197,1121,1,1,3,1,1,1,1,0,1,1,1,1,1,0,1,0,1,0,0,0,0
211,13250,41,4,2001,81106,Diesel,69,1,Black,0,1900,5,4,5,185,1140,0,1,3,1,1,1,1,0,1,0,1,0,1,0,0,0,1,0,0,0,0
212,14750,40,5,2001,80425,Diesel,90,1,Grey,0,2000,5,4,5,210,1205,0,1,3,1,1,1,1,0,1,1,1,1,1,0,1,0,1,0,0,0,0
213,11790,34,11,2001,78677,Petrol,110,1,Blue,1,1600,5,4,5,85,1105,0,1,3,1,1,1,1,0,1,1,1,1,1,0,0,0,1,0,0,0,1
214,11450,40,5,2001,78425,Petrol,110,1,Blue,0,1600,5,4,5,85,1075,0,1,3,1,1,1,0,0,1,1,0,0,1,0,0,0,1,0,0,0,1
215,13500,33,12,2001,78108,Diesel,90,1,Grey,0,2000,3,4,5,210,1170,1,1,3,1,1,1,1,0,1,0,1,1,1,0,1,0,1,0,0,0,0
216,10950,33,12,2001,77321,Petrol,110,1,Grey,0,1600,5,4,5,85,1075,0,1,3,1,1,1,1,0,1,0,1,1,1,0,0,0,1,0,0,0,0
217,13500,33,12,2001,75699,Diesel,69,0,Green,0,1900,3,4,5,185,1105,1,1,3,1,1,1,1,0,1,0,1,1,1,1,0,0,1,0,1,0,0
218,10950,41,4,2001,75697,Petrol,97,1,Silver,0,1400,3,4,5,69,1025,1,1,3,1,1,1,0,0,1,0,0,0,1,0,0,0,1,0,0,0,0
219,10950,44,1,2001,74846,Petrol,97,1,Black,0,1400,3,4,5,69,1025,1,1,3,1,1,1,0,0,1,0,1,0,1,0,0,0,1,1,0,0,0
220,12950,38,7,2001,74319,Petrol,110,1,Black,0,1600,5,4,5,85,1075,1,1,3,1,1,1,1,0,1,1,1,1,1,0,0,0,1,0,0,0,1
221,11950,43,2,2001,74285,Petrol,110,1,Blue,0,1600,5,4,5,85,1075,0,1,6,0,1,0,0,0,0,0,0,0,1,1,0,0,0,0,1,0,1
222,12450,44,1,2001,74172,Petrol,110,1,Black,0,1600,5,4,5,163,1615,1,1,3,0,1,0,1,0,0,1,1,1,1,0,0,0,1,0,0,0,0
223,11950,40,5,2001,73042,Petrol,110,1,Blue,0,1598,5,4,5,85,1075,1,1,3,1,1,1,1,0,0,1,1,1,1,0,0,0,1,0,0,0,1
224,14950,44,1,2001,71793,CNG,110,1,Red,0,1600,4,4,5,197,1067,1,1,3,1,1,1,1,0,1,1,1,1,1,0,0,0,1,0,0,0,1
225,12450,35,10,2001,71200,Petrol,110,1,Green,0,1600,5,4,5,85,1075,0,1,3,1,1,1,1,0,0,1,0,1,1,0,0,0,1,0,0,0,0
226,12950,38,7,2001,67805,Petrol,110,1,Blue,0,1600,5,4,5,85,1075,1,1,3,1,1,1,1,0,1,1,0,0,1,0,0,0,1,0,0,0,0
227,11950,35,10,2001,65988,Petrol,110,1,Blue,0,1600,3,4,5,69,1040,1,1,3,1,1,1,0,0,1,0,0,0,1,1,0,0,1,0,1,0,0
228,11690,34,11,2001,65345,Petrol,97,1,Red,0,1400,5,4,5,85,1060,1,1,3,1,1,1,1,0,1,1,1,1,1,0,0,0,1,0,0,0,1
229,12450,42,3,2001,64564,Petrol,110,1,Silver,0,1600,5,4,5,85,1080,1,1,3,1,1,1,1,0,1,1,1,1,1,0,1,0,1,0,0,0,0
230,12750,36,9,2001,63459,Petrol,97,1,Green,0,1400,5,4,5,85,1060,1,1,3,1,1,1,1,0,1,1,1,1,1,0,0,0,1,1,0,0,0
231,11925,44,1,2001,63451,Petrol,97,0,Black,0,1400,3,4,5,69,1025,1,1,3,1,1,1,0,0,1,0,0,0,1,0,0,0,1,0,0,0,0
232,12950,33,12,2001,62000,Petrol,110,1,Green,0,1600,5,4,5,19,1075,1,0,12,1,1,0,1,0,0,0,1,1,1,1,0,0,0,0,1,0,0
233,11950,42,3,2001,61300,Petrol,97,1,Blue,0,1400,3,4,5,69,1030,1,1,3,1,1,1,1,0,1,1,1,1,1,0,1,0,1,0,0,0,0
234,12900,41,4,2001,61200,Petrol,110,1,Blue,0,1600,3,4,5,69,1045,1,1,3,1,1,1,1,0,1,1,1,1,1,0,1,0,1,1,0,0,0
235,11900,41,4,2001,61000,Petrol,110,0,Red,0,1600,5,4,5,85,1075,0,1,3,1,1,1,0,0,0,0,0,0,1,0,0,0,1,0,0,0,0
236,11650,38,7,2001,60829,Petrol,110,1,Blue,0,1600,5,4,5,85,1075,1,1,3,1,1,1,0,0,1,0,0,0,1,0,0,0,1,0,0,0,0
237,10950,44,1,2001,60500,Petrol,110,0,Red,0,1600,5,4,5,85,1075,1,1,12,0,0,0,0,0,0,0,0,0,0,0,0,0,0,0,1,0,0
238,13950,35,10,2001,59500,Diesel,69,1,Silver,0,1900,3,4,5,64,1110,1,0,12,1,1,0,1,0,0,0,1,1,1,1,0,0,0,0,1,0,0
239,13950,44,1,2001,59000,Petrol,110,0,Grey,1,1600,5,4,5,85,1110,0,1,3,1,1,1,1,0,1,0,1,1,1,0,1,0,1,0,0,0,0
240,11950,40,5,2001,58954,Petrol,110,1,Green,0,1600,5,4,5,85,1080,0,1,12,1,1,0,1,0,0,0,1,1,1,1,0,0,0,0,1,0,0
241,10950,38,7,2001,58798,Petrol,110,1,Grey,0,1600,5,4,5,85,1075,1,1,3,1,1,1,0,0,1,0,0,0,1,0,0,0,1,0,0,0,0
242,12450,38,7,2001,58363,Petrol,110,1,Black,0,1600,3,4,5,85,1055,0,1,3,1,1,1,1,0,1,1,1,1,1,0,1,1,1,1,0,0,0
243,11950,43,2,2001,58277,Petrol,110,1,Grey,0,1600,3,4,5,69,1045,0,1,3,1,1,1,1,0,1,0,1,1,1,0,1,0,1,0,0,0,0
244,13500,33,12,2001,57711,Diesel,90,1,Green,0,2000,3,4,5,210,1165,1,1,3,1,1,1,1,0,1,0,0,0,1,1,0,0,1,0,1,0,0
245,11690,33,12,2001,57269,Petrol,110,1,Green,0,1600,5,4,5,85,1075,1,1,3,1,1,1,1,0,1,0,1,1,1,1,0,0,1,0,1,0,0
246,13500,39,6,2001,56001,Petrol,110,1,Black,0,1600,5,4,5,85,1075,1,1,3,1,1,1,1,0,1,0,1,1,1,0,0,0,1,0,0,0,1
247,11950,42,3,2001,55968,Petrol,110,0,Blue,0,1600,3,4,5,69,1050,1,1,3,1,1,1,1,0,0,0,0,0,1,0,0,1,1,0,0,0,0
248,12900,39,6,2001,55678,Petrol,110,1,Blue,0,1600,4,4,5,69,1030,1,1,3,1,1,1,1,0,1,1,1,1,1,0,0,0,1,1,0,0,1
249,13500,43,2,2001,55539,Petrol,110,1,Red,0,1600,5,4,5,85,1085,1,1,3,1,1,1,1,0,0,0,0,0,1,1,0,1,1,0,1,0,0
250,11750,42,3,2001,55400,Petrol,110,0,Red,0,1600,5,4,5,85,1075,1,1,3,0,1,0,0,0,0,1,0,0,1,0,0,0,1,0,0,0,1
251,11750,33,12,2001,55350,Petrol,110,0,Green,0,1600,5,4,5,85,1075,1,1,3,1,1,1,1,0,1,1,1,0,1,0,0,0,1,0,0,0,0
252,10850,43,2,2001,54600,Petrol,110,0,Blue,0,1600,4,4,5,69,1030,1,1,3,1,1,1,1,0,0,0,0,0,1,0,0,0,1,0,0,0,0
253,11750,43,2,2001,53773,Petrol,110,1,Grey,0,1600,5,4,5,85,1075,1,1,3,1,1,1,0,0,0,0,0,0,1,1,0,0,1,0,1,0,1
254,14950,42,3,2001,53719,Petrol,110,1,Grey,1,1600,5,4,5,85,1105,1,1,3,1,1,1,0,0,1,0,1,1,1,0,0,0,1,0,0,0,1
255,9940,39,6,2001,53644,Petrol,110,1,Green,0,1600,5,4,5,19,1075,0,0,3,1,1,1,0,0,0,0,0,0,1,0,0,0,0,0,0,0,0
256,12900,42,3,2001,53350,Petrol,110,0,Black,0,1600,5,4,5,85,1075,1,1,12,1,1,0,0,0,0,0,0,0,1,1,0,0,0,0,1,0,0
257,13500,38,7,2001,53000,Petrol,110,1,Silver,0,1600,5,4,5,85,1075,0,1,6,1,1,0,1,0,0,0,1,1,1,1,0,0,0,0,1,0,0
258,11750,44,1,2001,52084,Petrol,97,1,Yellow,0,1400,3,4,5,69,1025,1,1,3,1,1,1,1,0,1,0,0,0,1,0,0,0,1,1,0,0,0
259,11950,44,1,2001,52000,Petrol,97,0,Black,0,1400,3,4,5,69,1025,0,1,3,1,1,1,0,0,1,0,0,0,1,0,0,0,1,0,0,0,0
260,13450,33,12,2001,51945,Petrol,110,1,Green,0,1600,5,4,5,85,1075,0,1,3,1,1,1,1,0,1,1,1,1,1,0,0,0,1,0,0,0,0
261,11950,41,4,2001,51732,Petrol,97,1,Green,0,1400,3,4,5,69,1025,0,1,3,1,1,1,0,0,1,1,0,0,1,0,0,0,1,0,0,0,0
262,12495,39,6,2001,50873,Petrol,110,1,Blue,0,1600,5,4,5,85,1075,1,1,3,1,1,1,0,0,1,1,0,0,1,0,0,0,1,0,0,0,0
263,13500,41,4,2001,50856,Petrol,110,0,Green,0,1600,4,4,5,69,1030,0,1,12,1,1,0,1,0,0,0,1,1,1,1,0,0,0,0,1,0,1
264,12750,40,5,2001,50640,Petrol,110,1,Blue,0,1600,5,4,5,85,1075,0,1,3,1,1,1,0,0,1,1,0,0,1,0,0,0,1,0,0,0,0
265,12000,39,6,2001,50000,Petrol,97,1,Black,0,1400,5,4,5,85,1060,0,0,3,1,1,1,1,0,1,0,1,1,1,0,0,0,1,0,0,0,0
266,11950,38,7,2001,49500,Petrol,110,1,Blue,0,1600,5,4,5,85,1075,1,1,3,1,1,1,1,0,1,0,1,1,1,0,0,0,1,0,0,0,1
267,12495,44,1,2001,49332,Petrol,110,1,Red,0,1600,5,4,5,85,1080,1,1,3,1,1,1,1,0,1,1,1,1,1,0,1,0,1,0,0,0,0
268,12450,34,11,2001,49291,Petrol,110,1,Black,0,1600,3,4,5,69,1040,1,1,3,1,1,1,1,0,1,0,0,0,1,0,0,0,1,0,0,0,0
269,14750,40,5,2001,48952,Diesel,90,1,Blue,0,2000,5,4,5,210,1205,0,1,3,1,1,1,1,0,1,1,1,1,1,0,1,0,1,0,0,0,1
270,10950,39,6,2001,48945,Petrol,110,0,Red,0,1600,3,4,5,69,1040,0,1,3,1,1,1,1,0,1,1,0,1,1,0,0,0,1,0,0,0,1
271,13500,33,12,2001,48928,Diesel,69,1,Grey,0,1900,3,4,5,185,1105,1,1,3,1,1,1,1,0,0,0,0,0,1,1,0,0,1,0,1,0,0
272,12950,38,7,2001,48197,Petrol,110,1,Black,0,1600,5,4,5,85,1075,1,1,3,1,1,1,0,0,1,0,0,0,1,0,0,0,1,0,0,0,0
273,13500,35,10,2001,48052,Diesel,69,1,Grey,0,1900,3,4,5,185,1105,1,1,3,1,1,1,1,0,1,0,0,0,1,0,0,0,1,0,0,0,0
274,13450,34,11,2001,48011,Petrol,110,1,Blue,0,1600,4,4,5,69,1030,1,1,3,1,1,1,1,0,1,0,0,1,1,0,0,0,1,0,0,0,0
275,13500,43,2,2001,48000,Petrol,110,1,Red,0,1600,5,4,5,85,1075,0,0,6,1,1,0,0,0,0,0,0,0,1,0,0,0,0,0,0,0,1
276,11480,41,4,2001,47350,Petrol,110,1,Grey,0,1600,5,4,5,85,1075,1,1,3,1,1,1,0,0,1,0,0,0,1,1,0,0,1,0,1,0,1
277,13450,39,6,2001,46821,Petrol,97,1,Red,0,1400,5,4,5,85,1060,1,1,3,1,1,1,1,0,1,1,1,1,1,0,0,0,1,0,0,0,1
278,11495,39,6,2001,46694,Petrol,110,0,Red,0,1600,3,4,5,69,1040,1,1,3,1,1,1,0,0,0,1,0,0,1,0,0,0,1,1,0,0,0
279,12750,43,2,2001,46515,Petrol,97,0,Red,0,1400,5,4,5,69,1025,0,0,12,1,1,0,1,0,0,0,0,0,1,1,0,0,0,0,1,0,0
280,14990,38,7,2001,46327,Petrol,110,1,Black,0,1600,3,4,5,85,1055,1,1,3,1,1,1,1,0,0,1,1,1,1,0,1,0,1,1,0,0,0
281,12950,35,10,2001,46304,Petrol,97,1,Green,0,1400,5,4,5,85,1060,1,1,3,1,1,1,1,0,1,0,1,1,1,0,0,0,1,0,0,0,0
282,12950,40,5,2001,45886,Petrol,110,1,Green,0,1600,5,4,5,85,1080,1,1,3,1,1,1,1,0,1,0,1,1,1,0,1,0,1,0,0,0,1
283,12850,39,6,2001,45713,Petrol,97,1,Blue,0,1400,5,4,5,19,1085,0,1,6,1,1,0,1,0,0,1,1,1,1,0,0,0,0,0,0,0,0
284,13950,40,5,2001,45600,Petrol,110,1,Grey,1,1600,5,4,5,85,1105,0,1,3,1,1,1,1,0,1,0,1,1,1,0,0,0,1,0,0,0,1
285,11950,41,4,2001,45287,Petrol,110,1,Red,0,1600,5,4,5,85,1075,0,1,3,1,1,1,0,0,1,1,0,0,1,0,0,0,1,0,0,0,1
286,12950,39,6,2001,45081,Petrol,110,1,Grey,0,1600,5,4,5,85,1075,1,1,3,1,1,1,1,0,1,1,1,1,1,0,1,0,1,0,0,0,0
287,11700,40,5,2001,44830,Petrol,110,1,Green,0,1600,5,4,5,85,1075,0,1,3,1,1,1,1,0,0,1,0,0,1,0,0,0,1,0,0,0,1
288,9950,37,8,2001,44757,Petrol,97,0,Red,0,1400,3,4,5,69,1025,0,1,3,1,1,1,1,0,1,0,0,0,1,0,0,0,1,0,0,0,0
289,11895,44,1,2001,44218,Petrol,97,1,Grey,0,1400,5,4,5,85,1060,1,1,3,1,1,1,0,0,0,1,0,0,1,0,0,0,1,1,0,0,1
290,12950,43,2,2001,43632,Petrol,110,1,Blue,0,1600,5,4,5,85,1075,0,1,3,1,1,1,0,0,1,0,1,0,1,0,0,0,1,0,0,0,1
291,12500,36,9,2001,43427,Petrol,110,1,Green,0,1600,3,4,5,69,1040,1,1,3,1,1,1,0,0,1,1,1,1,1,0,0,0,1,1,0,0,0
292,13875,39,6,2001,43254,Petrol,110,1,Red,0,1600,5,4,5,85,1075,1,1,3,1,1,1,1,0,0,1,1,1,1,0,0,0,1,0,0,0,0
293,10500,35,10,2001,43000,Petrol,110,0,White,0,1600,3,4,5,69,1050,0,1,3,1,1,1,0,0,0,1,1,0,1,0,0,1,1,1,0,0,0
294,12295,33,12,2001,42823,Petrol,110,1,Red,0,1600,5,4,5,85,1075,1,1,3,1,1,1,1,0,1,0,1,1,1,0,0,0,1,0,0,0,0
295,13950,42,3,2001,42560,Petrol,110,1,Silver,0,1600,5,4,5,85,1080,1,1,3,1,1,1,1,0,1,1,1,1,1,0,1,0,1,0,0,0,0
296,10950,38,7,2001,41754,Petrol,110,0,Red,0,1600,3,4,5,69,1040,0,1,3,1,1,1,0,0,1,0,0,0,1,0,0,0,1,0,0,0,0
297,12950,44,1,2001,41499,CNG,110,1,Green,0,1600,5,4,5,197,1103,1,1,3,1,1,1,0,0,0,0,0,0,1,0,0,0,1,0,0,0,0
298,12850,40,5,2001,41339,Petrol,110,1,Blue,0,1600,5,4,5,85,1080,1,1,3,1,1,1,1,0,1,1,1,1,1,0,1,0,1,0,0,0,1
299,13995,35,10,2001,41000,Petrol,110,1,Grey,0,1600,5,4,5,85,1075,1,1,3,1,1,1,1,0,1,1,1,1,1,0,0,0,1,0,0,0,0
300,13750,39,6,2001,40000,Petrol,110,1,Grey,0,1600,3,4,5,85,1055,0,1,3,1,1,1,1,0,1,0,1,1,1,0,1,0,1,1,0,0,1
301,12750,37,8,2001,39757,Petrol,110,1,Blue,0,1600,5,4,5,85,1075,1,1,3,1,1,1,1,0,1,1,1,1,1,0,0,0,1,0,0,0,1
302,12500,41,4,2001,39659,Petrol,110,1,Green,0,1600,3,4,5,69,1045,1,1,3,1,1,1,1,0,1,0,1,1,1,0,1,0,1,0,0,0,0
303,13950,43,2,2001,39650,Petrol,110,0,Blue,0,1600,3,4,5,85,1055,0,1,3,1,1,1,0,0,1,0,1,1,1,0,1,0,1,1,0,0,0
304,11500,39,6,2001,39524,Petrol,97,1,Grey,0,1398,3,4,5,69,1025,1,1,3,1,1,0,1,0,0,1,1,0,1,0,0,0,1,0,0,0,0
305,13950,44,1,2001,39516,Petrol,97,1,Grey,0,1400,5,4,5,85,1060,1,1,3,1,1,1,0,0,1,1,1,0,1,0,0,0,1,0,0,0,1
306,11895,41,4,2001,39439,Petrol,97,0,Grey,0,1400,5,4,5,85,1060,1,1,3,1,1,1,0,0,1,0,0,0,1,0,0,0,1,0,0,0,0
307,9950,44,1,2001,39000,Petrol,97,1,Blue,0,1400,3,4,5,69,1025,0,1,3,1,1,1,0,0,1,0,1,0,1,1,0,0,1,1,1,0,1
308,13500,42,3,2001,38932,Petrol,110,1,Green,0,1600,3,4,5,69,1040,0,1,12,1,1,0,0,0,0,0,1,1,0,0,0,0,0,0,0,0,1
309,11450,37,8,2001,38812,Petrol,97,0,Red,0,1400,3,4,5,69,1025,1,1,3,1,1,1,1,0,1,1,1,1,1,0,0,1,1,0,0,0,0
310,12450,42,3,2001,38665,Petrol,110,1,Green,0,1600,5,4,5,85,1075,1,1,3,1,1,1,1,0,1,0,1,1,1,0,0,0,1,1,0,0,0
311,12950,40,5,2001,38653,Petrol,110,1,Green,0,1600,5,4,5,85,1080,1,1,3,1,1,1,1,0,1,1,1,1,1,0,1,0,1,0,0,0,0
312,13995,44,1,2001,38461,Petrol,110,1,Grey,0,1600,5,4,5,85,1080,1,1,3,1,1,1,1,0,1,1,1,1,1,0,1,0,1,0,0,0,1
313,11750,42,3,2001,38078,Petrol,97,0,Grey,0,1400,3,4,5,69,1025,0,1,3,1,1,1,0,0,0,0,0,0,1,0,0,0,1,0,0,0,0
314,11650,39,6,2001,37782,Petrol,97,1,Red,0,1400,5,4,5,85,1060,0,1,3,1,1,1,1,0,1,0,1,1,1,0,0,0,1,0,0,0,0
315,9950,43,2,2001,37576,Petrol,97,0,Grey,0,1400,3,4,5,69,1030,0,1,3,1,1,1,1,0,1,0,1,1,1,0,1,0,1,0,0,0,0
316,13950,41,4,2001,37533,Petrol,110,1,Green,0,1600,5,4,5,85,1075,0,1,3,1,1,1,1,0,1,0,1,1,1,0,0,0,1,0,0,0,0
317,12950,44,1,2001,37389,Petrol,110,1,Black,0,1600,5,4,5,85,1080,1,1,3,1,1,1,1,0,1,1,1,1,1,0,1,0,1,0,0,0,1
318,10950,38,7,2001,37320,Petrol,97,1,Blue,0,1400,3,4,5,69,1025,0,1,3,1,1,1,1,0,1,1,0,0,1,1,0,0,1,0,1,0,0
319,9900,42,3,2001,37000,Petrol,97,1,Green,0,1400,3,4,5,69,1025,1,1,3,1,1,1,0,0,1,0,0,0,1,0,0,0,1,0,0,0,0
320,11950,44,1,2001,37000,Petrol,110,0,Green,0,1600,4,4,5,19,1075,0,1,3,1,1,0,0,0,0,0,0,0,1,0,0,0,0,0,0,0,0
321,11990,40,5,2001,36566,Petrol,110,0,Red,0,1600,5,4,5,85,1090,1,1,3,1,1,1,1,0,1,1,1,1,1,0,1,1,1,1,0,0,0
322,10750,36,9,2001,36269,Petrol,110,1,Blue,0,1600,5,4,5,85,1075,0,1,3,1,1,1,1,0,1,1,1,1,1,0,0,0,1,0,0,0,1
323,13950,37,8,2001,36074,Petrol,110,1,Silver,1,1600,5,4,5,19,1075,0,1,12,1,1,0,1,0,0,0,1,1,1,1,0,0,0,0,1,1,0
324,11250,44,1,2001,36066,Petrol,110,1,Black,0,1600,3,4,5,69,1040,1,1,3,1,1,1,0,0,1,0,0,0,1,1,0,0,1,0,1,0,1
325,12950,39,6,2001,34599,Petrol,110,1,Grey,0,1600,5,4,5,85,1075,0,1,3,1,1,1,1,0,1,0,1,1,1,0,0,0,1,0,0,0,1
326,11950,41,4,2001,34000,Petrol,110,1,Red,0,1600,5,4,5,85,1075,0,1,3,1,1,1,1,0,1,1,1,0,1,0,0,0,1,0,0,1,1
327,10950,42,3,2001,33623,Petrol,97,1,Grey,0,1400,3,4,5,69,1025,0,1,3,1,1,1,0,0,1,1,0,0,1,0,0,0,1,0,0,0,0
328,12950,33,12,2001,33591,Petrol,110,1,Red,0,1600,5,4,5,85,1075,0,1,3,1,1,1,1,0,1,0,1,1,1,0,0,0,1,0,0,0,0
329,12950,35,10,2001,33258,Petrol,110,1,Grey,0,1600,5,4,5,85,1075,1,1,3,1,1,1,1,0,1,1,1,1,1,1,0,0,1,0,1,0,1
330,11695,43,2,2001,33113,Petrol,110,1,Red,0,1600,5,4,5,85,1075,1,1,3,1,1,1,0,0,1,1,0,0,1,0,0,0,1,0,0,0,0
331,11000,41,4,2001,33000,Petrol,110,1,Silver,1,1600,5,4,6,19,1075,0,0,3,1,1,0,1,0,0,0,1,1,1,1,0,0,0,0,1,0,0
332,13950,35,10,2001,32941,Petrol,110,1,Yellow,0,1600,5,4,5,85,1080,1,1,3,1,1,1,1,0,1,1,1,1,1,0,1,0,1,0,0,0,0
333,11950,38,7,2001,32781,Petrol,110,0,Blue,0,1600,5,4,5,85,1075,1,1,3,1,1,1,1,0,1,1,0,0,1,0,0,0,1,0,0,0,0
334,11750,40,5,2001,32532,Petrol,110,1,Black,0,1600,3,4,5,69,1040,1,1,3,1,1,1,0,0,1,1,0,0,1,0,0,0,1,0,0,0,0
335,12400,34,11,2001,32431,Petrol,97,1,Silver,0,1400,5,4,5,85,1060,1,1,3,1,1,1,1,0,1,1,1,1,1,0,0,0,1,0,0,0,0
336,12500,35,10,2001,32000,Petrol,110,0,Black,0,1600,3,4,5,69,1040,0,1,3,1,1,1,0,0,1,0,0,0,1,0,0,0,1,0,0,0,0
337,12900,33,12,2001,31000,Petrol,110,1,Silver,0,1600,5,4,5,19,1075,0,1,6,1,1,0,1,0,1,0,1,1,1,0,0,0,0,1,0,0,0
338,12200,41,4,2001,30989,Petrol,110,0,Green,0,1600,3,4,5,69,1045,0,1,3,1,1,1,1,0,1,1,1,1,1,0,1,0,1,0,0,0,0
339,12750,43,2,2001,30742,Petrol,110,1,Silver,0,1600,3,4,5,69,1040,1,1,3,1,1,1,1,0,1,1,1,1,1,0,0,0,1,0,0,0,0
340,11950,42,3,2001,30190,Petrol,110,1,Red,0,1600,5,4,5,85,1075,1,1,3,1,1,1,0,0,1,0,0,0,1,0,0,0,1,0,0,0,1
341,11900,41,4,2001,29716,Petrol,116,1,Grey,0,1600,5,4,5,85,1075,0,1,3,1,1,0,0,0,0,1,0,0,1,0,0,0,0,0,0,0,1
342,11950,44,1,2001,29716,Petrol,110,1,Silver,1,1600,3,4,5,85,1070,1,1,3,1,1,1,1,0,0,0,0,0,1,1,0,0,1,0,1,0,0
343,14950,42,3,2001,29640,Petrol,110,0,Red,0,1600,3,4,5,85,1055,1,1,3,1,1,1,1,0,1,1,1,1,1,0,1,1,1,1,0,0,0
344,11950,41,4,2001,29056,Petrol,97,1,Grey,0,1400,5,4,5,85,1060,1,1,3,1,1,1,1,0,1,1,1,1,1,0,0,0,1,0,0,0,1
345,12950,33,12,2001,28715,Petrol,110,1,Grey,0,1600,5,4,5,85,1075,1,1,3,1,1,1,1,0,0,0,1,1,1,0,0,0,1,0,0,0,1
346,14950,41,4,2001,28571,Petrol,110,0,Red,0,1600,5,4,5,85,1090,1,1,3,1,1,1,1,0,0,1,1,1,1,0,1,0,1,1,0,0,0
347,13450,40,5,2001,28362,Petrol,110,1,Blue,0,1600,3,4,5,69,1040,0,1,3,1,1,1,1,0,1,1,1,1,1,0,0,0,1,1,0,0,1
348,13750,38,7,2001,28150,Petrol,110,1,Red,0,1600,5,4,5,85,1075,0,1,3,1,1,1,1,0,0,0,1,1,1,0,0,0,1,0,0,0,1
349,12950,43,2,2001,27301,Petrol,110,1,Grey,0,1600,3,4,5,69,1040,1,1,3,1,1,1,0,0,1,1,0,0,1,0,0,0,1,0,0,0,1
350,12750,33,12,2001,27240,Petrol,110,1,Blue,0,1600,5,4,5,85,1075,0,0,12,1,1,0,1,0,0,0,1,1,1,1,0,0,0,0,1,0,0
351,11895,39,6,2001,27170,Petrol,97,1,Yellow,0,1400,5,4,5,85,1060,1,1,3,1,1,1,0,0,0,0,0,0,1,0,0,0,1,1,0,0,0
352,9950,42,3,2001,27141,Petrol,97,1,Green,0,1400,5,4,5,85,1060,1,1,3,1,1,1,0,0,1,0,0,0,1,0,0,0,1,0,0,0,0
353,12450,38,7,2001,26262,Petrol,110,1,Grey,0,1600,5,4,5,85,1075,0,1,3,1,1,1,1,0,1,1,1,1,1,0,0,0,1,0,0,0,0
354,12500,38,7,2001,26000,Petrol,97,1,Grey,0,1400,5,4,5,85,1060,1,1,3,1,1,1,1,0,1,0,1,1,1,0,0,0,1,0,0,0,0
355,14950,43,2,2001,25228,Petrol,110,1,Blue,0,1600,3,4,5,69,1045,1,1,3,1,1,1,1,0,1,0,1,1,1,1,1,0,1,0,1,0,0
356,13750,39,6,2001,25062,Petrol,110,1,Green,0,1600,5,4,5,85,1080,1,1,3,1,1,1,1,0,0,0,1,1,1,0,1,0,1,0,0,0,1
357,12695,39,6,2001,24723,Petrol,110,1,Green,1,1600,4,4,5,85,1060,1,1,3,1,1,1,0,0,0,1,0,0,1,0,0,0,1,0,0,0,0
358,14990,33,12,2001,24650,Petrol,110,1,Black,0,1600,3,4,5,85,1055,1,1,3,1,1,1,1,0,1,1,1,1,1,0,1,1,1,1,0,0,0
359,12750,43,2,2001,24553,Petrol,110,1,Green,0,1600,5,4,5,85,1080,1,1,3,1,1,1,1,0,1,0,1,1,1,1,1,0,1,0,1,0,0
360,14350,41,4,2001,24475,Petrol,110,1,Red,0,1600,5,4,5,69,1030,0,1,12,0,1,0,1,0,0,0,1,0,1,0,0,0,0,0,0,0,0
361,12950,39,6,2001,24444,Petrol,110,1,Blue,0,1600,3,4,5,69,1040,1,1,3,1,1,1,0,0,1,0,0,0,1,1,0,0,1,0,1,0,1
362,11500,35,10,2001,24011,Petrol,97,0,Grey,0,1400,3,4,5,69,1025,1,1,3,0,1,1,0,0,0,0,0,0,1,0,0,0,1,0,0,0,0
363,11950,41,4,2001,24000,Petrol,97,1,Grey,0,1400,3,4,5,69,1025,0,1,3,1,1,1,0,0,1,1,0,0,1,0,0,0,1,0,0,0,0
364,13450,40,5,2001,23616,Petrol,110,1,Green,0,1600,5,4,5,85,1075,0,1,3,1,1,1,1,0,1,0,1,1,1,0,0,0,1,0,0,0,0
365,12900,38,7,2001,22865,Petrol,110,1,Silver,0,1600,5,4,5,85,1075,1,1,3,1,1,1,1,0,1,1,1,1,1,0,0,0,1,0,0,0,0
366,10500,41,4,2001,22780,Petrol,86,1,Green,0,1300,5,4,5,69,1035,1,1,3,1,1,1,0,0,1,0,1,0,1,1,1,1,1,1,1,0,0
367,10950,35,10,2001,21904,Petrol,97,0,Blue,0,1400,3,4,5,69,1025,0,1,3,1,1,1,0,0,1,0,0,0,1,0,0,0,1,0,0,0,0
368,11950,41,4,2001,21651,Petrol,97,0,Green,0,1400,3,4,5,69,1025,1,1,3,1,1,1,0,0,1,0,0,0,1,0,0,0,1,0,0,0,0
369,11450,37,8,2001,21500,Petrol,110,1,Red,0,1600,5,4,5,69,1030,1,0,12,1,1,0,0,0,0,0,1,0,1,0,0,0,0,0,0,0,1
370,13250,44,1,2001,21027,Petrol,110,1,Green,0,1600,5,4,5,85,1080,1,1,3,1,1,1,1,0,1,1,1,1,1,0,1,0,1,0,0,0,1
371,10250,39,6,2001,18500,Petrol,110,0,Red,0,1600,4,4,5,69,1030,0,0,3,1,1,1,1,0,1,0,0,0,1,0,0,0,1,0,0,0,0
372,13995,35,10,2001,18000,Petrol,110,1,Green,0,1600,5,4,5,85,1075,1,1,3,1,1,1,1,0,1,0,1,1,1,0,0,0,1,0,0,0,1
373,11950,40,5,2001,17051,Petrol,97,0,Grey,0,1400,5,4,5,85,1060,1,1,3,1,1,1,0,0,1,0,0,0,1,0,0,0,1,0,0,0,0
374,13250,33,12,2001,16512,Petrol,97,1,Grey,0,1400,5,4,5,19,1085,0,1,3,1,1,0,1,0,0,1,1,1,1,0,0,0,0,0,0,0,0
375,12950,40,5,2001,16325,Petrol,110,1,Silver,0,1600,5,4,5,85,1080,0,1,3,1,1,1,1,0,1,1,1,1,1,0,1,0,1,0,0,0,0
376,11750,38,7,2001,16000,Petrol,97,1,Grey,0,1400,5,4,5,85,1060,0,1,3,1,1,1,1,0,1,1,1,1,1,0,0,0,1,0,0,0,0
377,11500,39,6,2001,12000,Petrol,110,1,Green,0,1600,5,4,5,85,1075,0,0,12,1,1,0,0,0,0,0,0,0,1,0,0,0,0,0,0,0,0
378,13500,43,2,2001,10000,Petrol,97,1,Blue,0,1400,5,4,5,85,1060,0,0,6,1,1,0,0,0,0,0,0,0,1,1,0,0,0,0,1,0,0
379,6500,53,4,2000,216000,Diesel,69,0,White,0,1900,3,4,5,185,1110,0,1,3,1,1,1,1,0,1,0,1,1,1,0,1,0,1,0,0,0,0
380,6400,51,6,2000,198167,Diesel,69,0,Red,0,1900,4,4,5,185,1095,0,1,3,1,1,1,1,0,0,0,1,1,1,1,0,0,1,0,1,0,0
381,7000,53,4,2000,176000,Diesel,69,0,Blue,0,1900,3,4,5,185,1105,0,1,3,1,1,1,1,0,1,0,0,0,1,0,0,0,1,0,0,0,0
382,7750,54,3,2000,174139,Diesel,72,1,Blue,0,2000,4,4,5,185,1100,0,1,3,1,1,1,0,0,0,0,0,0,1,1,0,0,0,0,1,0,1
383,8900,45,12,2000,174000,Diesel,69,1,Silver,0,1900,5,4,5,185,1095,0,0,6,1,1,0,1,0,0,0,1,0,1,0,0,0,0,0,0,0,0
384,8500,55,2,2000,150000,CNG,110,1,Blue,0,1600,3,4,5,72,1075,0,0,6,0,0,0,1,0,0,0,0,1,1,0,0,0,0,1,0,0,0
385,8950,54,3,2000,149329,Diesel,72,1,Red,0,2000,5,4,5,185,1135,0,1,3,1,1,1,0,0,0,0,0,0,1,0,0,1,1,0,0,0,1
386,9900,51,6,2000,146736,Petrol,110,1,Silver,0,1600,5,4,5,85,1080,0,1,3,1,1,1,1,0,1,1,1,1,1,0,1,0,1,0,0,0,1
387,10250,53,4,2000,143513,Diesel,69,0,Grey,0,1900,5,4,5,185,1140,0,1,3,0,0,0,0,0,0,0,0,0,0,0,0,0,0,0,0,0,0
388,9250,48,9,2000,142130,CNG,110,0,Red,0,1600,5,4,5,197,1119,0,1,3,1,1,1,1,0,1,1,0,0,1,0,0,0,1,0,0,0,1
389,7750,48,9,2000,140700,Diesel,69,1,Grey,0,1900,5,4,5,64,1110,0,1,3,1,1,0,1,0,0,1,1,1,1,0,0,0,0,0,0,0,0
390,9450,54,3,2000,138394,Diesel,69,1,Silver,0,1900,4,4,5,185,1095,0,1,3,1,1,1,1,0,1,1,0,0,1,0,0,0,1,1,0,0,0
391,7750,55,2,2000,137000,Diesel,72,1,Blue,0,2000,5,4,5,185,1135,0,0,3,1,1,1,1,0,0,0,1,0,1,0,0,1,1,0,0,0,0
392,8250,52,5,2000,135258,Diesel,69,1,Grey,0,1900,5,4,5,185,1140,0,1,3,1,1,1,0,0,1,1,0,0,1,0,0,0,1,0,0,0,1
393,9950,49,8,2000,131364,Petrol,110,1,Black,0,1600,5,4,5,85,1075,0,1,3,1,1,1,0,0,1,0,1,1,1,0,0,0,1,0,0,0,0
394,4450,56,1,2000,129155,Diesel,69,0,White,0,1800,5,4,5,64,1110,0,0,3,1,1,0,0,0,0,0,1,0,1,0,0,0,0,0,0,0,0
395,9950,50,7,2000,126110,Petrol,110,0,Black,0,1600,3,4,5,85,1055,0,1,3,1,1,1,0,0,1,0,1,1,1,0,1,0,1,1,0,0,0
396,9000,48,9,2000,119742,Petrol,110,1,Blue,0,1600,5,4,5,85,1080,0,1,3,1,1,1,1,0,1,1,1,1,1,1,1,0,1,1,1,0,0
397,9950,53,4,2000,117913,Diesel,69,1,Blue,0,1900,5,4,5,64,1110,0,1,3,1,1,0,1,0,0,1,1,1,1,0,1,0,0,1,0,0,0
398,12450,47,10,2000,117430,Diesel,90,1,Blue,0,2000,3,4,5,210,1165,0,1,3,1,1,1,0,0,1,1,0,0,1,0,0,0,1,1,0,0,0
399,10500,55,2,2000,117175,Petrol,110,1,Green,0,1600,4,4,5,69,1035,1,1,3,1,1,1,1,0,1,0,1,0,1,0,1,0,1,0,0,0,0
400,10750,54,3,2000,115558,Petrol,110,1,Blue,0,1600,4,4,5,69,1035,1,1,3,1,1,1,1,0,0,0,1,1,1,1,1,0,1,0,1,0,1
401,8950,53,4,2000,115113,Petrol,97,1,Grey,0,1400,3,4,5,69,1025,1,1,3,1,1,1,0,0,1,1,0,0,1,0,0,0,1,0,0,0,1
402,10500,54,3,2000,115046,Diesel,69,1,Blue,0,1900,5,4,5,185,1140,0,1,3,1,1,1,1,0,1,1,1,0,1,0,0,0,1,0,0,0,0
403,5150,56,1,2000,113997,Diesel,72,1,Green,0,2000,5,4,5,64,1135,0,0,3,1,1,0,0,0,0,0,1,0,1,0,0,0,0,0,0,0,0
404,10950,49,8,2000,107859,Petrol,97,0,Blue,0,1400,5,4,5,85,1060,1,1,3,1,1,1,0,0,1,0,0,0,1,0,0,0,1,0,0,0,0
405,9450,52,5,2000,104805,Petrol,97,1,Black,0,1400,3,4,5,69,1025,1,1,3,1,1,1,1,0,1,1,0,0,1,0,0,0,1,0,0,0,0
406,9950,54,3,2000,103454,Petrol,110,1,Green,0,1600,5,4,5,85,1075,1,1,3,1,1,1,1,0,0,0,1,1,1,0,1,0,1,1,0,0,0
407,10950,51,6,2000,103018,Diesel,69,0,White,0,1900,5,4,5,185,1140,0,1,3,1,1,1,0,0,1,0,0,0,1,0,0,0,1,0,0,0,1
408,11900,47,10,2000,102352,Petrol,110,1,Red,0,1600,5,4,5,85,1080,1,1,3,1,1,1,1,0,0,0,1,1,1,0,1,0,1,0,0,0,1
409,9950,50,7,2000,102030,Petrol,97,1,Green,0,1400,5,4,5,85,1060,1,1,3,1,1,1,1,0,1,0,1,1,1,0,0,0,1,0,0,0,0
410,11950,54,3,2000,101352,Petrol,110,0,Red,0,1600,5,4,5,85,1080,1,1,3,1,1,1,1,0,0,0,1,1,1,0,1,0,1,0,0,0,0
411,7900,50,7,2000,99865,Petrol,110,1,Red,0,1600,4,4,5,69,1035,0,1,3,1,1,0,0,0,0,0,0,0,1,0,0,0,0,0,0,0,0
412,10950,52,5,2000,99323,Petrol,110,1,Black,0,1600,3,4,5,85,1055,1,1,3,1,1,1,1,0,1,1,1,1,1,0,1,0,1,1,0,0,0
413,8950,48,9,2000,98100,Diesel,69,1,Grey,0,1900,5,4,5,185,1140,0,1,3,1,1,1,1,0,1,0,0,0,1,0,0,0,1,0,0,0,0
414,11950,51,6,2000,98040,Petrol,110,0,Grey,0,1600,5,4,5,85,1080,1,1,3,1,1,1,0,0,1,0,0,0,1,0,0,0,1,0,0,0,0
415,10900,49,8,2000,97600,Petrol,110,1,Silver,0,1600,3,4,5,69,1045,0,1,6,1,0,0,1,0,0,0,1,1,1,1,0,0,0,0,1,0,1
416,9950,55,2,2000,97234,Petrol,110,0,Blue,0,1600,5,4,5,85,1080,0,1,3,1,1,1,1,0,1,0,1,1,1,0,1,0,1,0,0,0,0
417,9950,51,6,2000,96135,Diesel,72,0,Black,0,2000,3,4,5,185,1115,0,1,3,1,1,1,0,0,0,0,0,0,1,0,0,1,1,0,0,0,0
418,10950,54,3,2000,96100,Petrol,110,1,Green,0,1600,5,4,5,85,1080,1,1,3,1,1,1,1,0,1,0,1,1,1,0,1,0,1,0,0,0,0
419,8950,55,2,2000,94401,Diesel,72,0,Red,0,2000,3,4,5,185,1115,0,1,3,1,1,1,0,0,0,0,0,0,1,0,0,1,1,0,0,0,0
420,8950,55,2,2000,94122,Petrol,86,1,Blue,0,1300,3,4,5,69,1015,0,1,3,1,1,1,0,0,0,0,1,1,1,0,0,1,1,0,0,0,1
421,10500,49,8,2000,91340,Petrol,110,1,Blue,0,1600,3,4,5,85,1055,1,1,3,1,1,1,1,0,1,0,1,1,1,0,1,0,1,1,0,0,1
422,8950,53,4,2000,90200,Petrol,97,0,White,0,1400,3,4,5,69,1025,0,1,3,1,1,1,0,0,0,1,0,0,1,0,0,0,1,1,0,0,0
423,9250,53,4,2000,90097,Diesel,69,1,Red,0,1900,5,4,5,185,1140,1,1,3,1,1,1,0,0,1,0,0,0,1,1,0,0,1,0,1,0,1
424,11500,48,9,2000,89049,Petrol,97,1,Black,0,1400,5,4,5,85,1060,0,1,12,1,1,0,1,0,0,0,0,0,1,1,0,0,0,0,1,0,0
425,9750,52,5,2000,89000,Petrol,110,0,Grey,0,1600,5,4,5,85,1075,0,0,3,1,1,1,0,0,1,0,0,0,1,0,0,0,1,0,0,0,0
426,9950,45,12,2000,87274,Petrol,110,1,Grey,0,1600,3,4,5,69,1040,1,1,3,1,1,1,0,0,1,0,1,1,1,0,0,0,1,0,0,0,0
427,11450,49,8,2000,86221,Petrol,110,0,Grey,0,1600,3,4,5,69,1045,1,1,3,1,1,1,1,0,0,0,1,1,1,0,1,0,1,0,0,0,0
428,12500,54,3,2000,84598,Petrol,110,0,Red,0,1600,5,4,5,19,1075,0,1,6,1,1,0,1,0,0,0,1,1,1,1,0,0,0,0,1,0,1
429,10500,50,7,2000,83567,Petrol,110,0,Green,0,1600,5,4,5,85,1075,0,1,3,1,1,1,0,0,1,1,0,0,1,0,0,0,1,0,0,0,1
430,12950,50,7,2000,83106,Petrol,110,1,Silver,0,1600,5,4,5,85,1075,1,1,3,1,1,1,1,0,1,1,0,0,1,0,0,0,1,0,0,0,1
431,12200,50,7,2000,82805,Petrol,110,1,Green,0,1600,3,4,5,69,1040,1,1,3,1,1,1,1,0,0,1,0,0,1,0,0,0,1,0,0,0,0
432,10950,50,7,2000,82735,Petrol,97,1,Black,0,1400,3,4,5,69,1030,1,1,3,1,1,1,1,0,1,1,1,1,1,0,1,0,1,1,0,0,0
433,10950,54,3,2000,81905,Petrol,110,1,Green,0,1600,5,4,5,19,1105,0,1,6,1,1,0,1,0,0,1,1,1,1,0,1,0,0,0,0,0,0
434,11290,49,8,2000,80320,Petrol,110,1,Silver,1,1600,3,4,5,85,1070,1,1,3,1,1,1,0,0,1,0,0,0,1,1,0,0,1,0,1,0,1
435,10750,49,8,2000,80090,Petrol,97,1,Silver,0,1400,3,4,5,69,1030,0,1,6,1,1,0,1,0,0,0,1,1,1,1,0,0,0,0,1,0,0
436,10895,53,4,2000,79800,Petrol,110,0,Red,0,1600,5,4,5,85,1075,1,1,3,1,1,1,0,0,1,0,0,0,1,0,0,0,1,0,0,0,0
437,11500,47,10,2000,78785,CNG,110,1,Black,0,1600,5,4,5,197,1119,1,1,3,1,1,1,0,0,0,0,0,0,1,1,0,0,1,0,1,0,1
438,9750,48,9,2000,78600,Petrol,110,1,Blue,0,1600,5,4,5,85,1075,0,1,3,1,1,1,0,0,1,0,1,1,1,1,0,0,1,0,1,0,0
439,10250,55,2,2000,77780,Petrol,110,0,Red,0,1600,3,4,5,69,1040,0,1,3,1,1,1,0,0,0,0,0,0,1,0,0,0,1,0,0,0,1
440,12500,49,8,2000,77648,Petrol,110,0,Red,0,1600,4,4,5,69,1030,1,1,3,1,1,1,0,0,0,1,1,0,1,0,0,0,1,0,0,0,0
441,11950,54,3,2000,77270,Petrol,110,1,Blue,0,1600,4,4,5,69,1035,1,1,3,1,1,1,1,0,0,1,1,1,1,0,0,0,1,0,0,0,0
442,10750,50,7,2000,76167,Petrol,97,1,Blue,0,1400,5,4,5,85,1060,1,1,3,1,1,1,1,0,1,0,0,0,1,0,0,0,1,0,0,0,0
443,11450,46,11,2000,75249,Petrol,110,1,Red,0,1600,4,4,5,69,1035,1,1,3,1,1,1,1,0,1,1,0,1,1,0,0,0,1,0,0,0,0
444,11950,54,3,2000,75231,Petrol,110,1,Grey,0,1600,5,4,5,85,1080,1,1,3,1,1,1,1,0,1,0,1,1,1,0,1,0,1,0,0,0,0
445,11750,48,9,2000,75045,Petrol,110,1,Silver,0,1600,3,4,6,85,1055,0,0,6,1,1,0,1,0,0,0,1,1,1,1,0,0,0,1,1,0,0
446,10950,50,7,2000,74849,Petrol,110,1,Red,1,1600,4,4,5,85,1060,1,1,3,1,1,1,0,0,0,0,0,1,1,0,0,0,1,0,0,0,0
447,11950,55,2,2000,74715,Petrol,110,1,Grey,0,1600,5,4,5,85,1080,1,1,3,1,1,1,1,0,1,1,1,1,1,0,1,0,1,0,0,0,0
448,10995,49,8,2000,74656,Diesel,69,0,Silver,0,1900,3,4,5,185,1105,1,1,3,1,1,1,0,0,0,0,0,0,1,1,0,0,1,0,1,0,0
449,11450,56,1,2000,74500,Petrol,97,0,Grey,0,1400,3,4,5,69,1025,0,1,3,1,1,1,0,0,1,0,0,0,1,0,0,0,1,0,0,0,0
450,8900,49,8,2000,74494,Petrol,110,1,Grey,0,1600,5,4,5,85,1075,1,1,3,1,1,1,0,0,0,1,0,0,1,0,0,0,1,0,0,0,1
451,10500,50,7,2000,73634,Petrol,110,0,Blue,0,1587,5,4,5,85,1075,0,0,6,1,1,1,0,0,0,0,1,1,1,0,1,0,0,0,0,0,0
452,11750,47,10,2000,73403,Petrol,110,1,Grey,0,1600,5,4,5,85,1075,1,1,3,1,1,1,0,0,1,0,1,1,1,0,0,0,1,0,0,0,0
453,11450,49,8,2000,73175,Petrol,97,1,Silver,0,1400,3,4,5,69,1030,1,1,3,1,1,1,1,0,1,1,1,1,1,0,1,0,1,0,0,0,0
454,12000,52,5,2000,73000,Petrol,110,0,Grey,0,1600,3,4,5,85,1055,0,1,3,1,1,1,1,0,1,0,1,1,1,0,1,0,1,1,0,0,0
455,11950,50,7,2000,72242,Petrol,110,0,Blue,1,1600,3,4,5,85,1070,1,1,3,1,1,1,0,0,0,0,1,1,1,0,0,0,1,0,0,0,0
456,9850,53,4,2000,72000,Petrol,97,1,Green,0,1400,3,4,5,69,1025,0,0,3,1,1,1,1,0,1,0,1,1,1,0,0,0,1,0,0,0,0
457,10950,54,3,2000,71725,Petrol,110,1,Blue,0,1600,4,4,5,69,1035,0,1,3,1,1,1,1,0,1,1,0,0,1,0,0,0,1,0,0,0,1
458,10950,54,3,2000,71276,Petrol,110,0,Green,0,1600,5,4,5,85,1080,0,1,3,1,1,1,1,0,1,0,1,1,1,0,1,0,1,0,0,0,0
459,8695,50,7,2000,70440,Diesel,69,1,Green,0,1900,3,4,5,185,1105,0,1,6,1,1,0,0,0,0,0,1,1,1,1,0,0,0,0,1,0,0
460,10990,53,4,2000,70239,Petrol,110,0,Blue,0,1600,3,4,5,69,1040,0,1,3,1,1,1,1,0,1,0,0,0,1,1,0,0,1,0,1,0,0
461,9500,55,2,2000,69813,Petrol,97,1,Silver,0,1400,3,4,5,69,1025,0,1,3,1,1,1,0,0,1,0,0,0,1,1,0,0,1,0,1,0,1
462,11950,49,8,2000,69659,Petrol,86,0,Red,0,1300,3,4,6,69,1025,0,1,3,1,1,1,1,0,0,0,1,1,1,0,1,1,1,0,0,0,0
463,10750,46,11,2000,69574,Petrol,97,0,Blue,0,1400,5,4,5,85,1065,1,1,3,1,1,1,1,0,1,0,1,1,1,0,1,0,1,0,0,0,0
464,8750,47,10,2000,69000,Diesel,69,1,Blue,0,1900,5,4,5,185,1140,0,1,3,0,1,1,1,0,0,0,0,0,1,0,0,0,1,0,0,0,0
465,8750,49,8,2000,68565,Petrol,110,1,Blue,0,1600,4,4,5,69,1030,0,1,3,1,1,1,0,0,1,1,0,1,1,0,0,0,1,0,0,0,0
466,11450,55,2,2000,68520,Diesel,72,1,Red,0,2000,3,4,5,185,1115,1,1,3,1,1,1,0,0,0,1,0,0,1,0,0,0,1,1,0,0,0
467,9950,46,11,2000,68414,Petrol,97,0,Red,0,1400,3,4,5,69,1025,1,1,3,1,1,1,0,0,1,1,1,1,1,0,0,0,1,0,0,0,0
468,11950,56,1,2000,66777,Petrol,110,0,Red,0,1600,5,4,5,85,1090,1,1,3,1,1,1,1,0,0,0,1,1,1,0,1,0,1,0,0,0,1
469,13950,52,5,2000,66527,Petrol,110,1,Blue,0,1600,5,4,5,85,1080,1,1,3,1,1,1,1,0,1,1,1,1,1,0,1,0,1,0,0,0,1
470,11250,54,3,2000,66063,Petrol,110,1,Black,0,1600,5,4,5,85,1090,0,1,3,1,1,1,1,0,1,0,1,1,1,0,1,0,1,1,0,0,0
471,10900,50,7,2000,65471,Petrol,97,1,Green,0,1400,5,4,5,85,1060,0,1,3,1,1,1,1,0,0,1,0,0,1,0,0,0,1,0,0,0,0
472,9750,56,1,2000,65400,Petrol,97,1,Silver,0,1400,3,4,5,69,1025,1,1,3,1,1,1,0,0,0,1,0,0,1,0,0,0,1,0,0,0,0
473,9950,52,5,2000,65170,Petrol,97,1,Grey,0,1400,3,4,5,69,1025,1,1,3,1,1,1,1,0,1,0,0,0,1,1,0,0,1,0,1,0,0
474,11950,56,1,2000,65000,Petrol,110,1,Silver,0,1600,5,4,5,19,1075,0,0,6,0,0,0,1,0,0,0,0,0,0,0,0,0,0,0,0,0,0
475,10450,48,9,2000,64193,Petrol,110,1,Grey,0,1600,3,4,5,69,1040,0,1,3,1,1,1,0,0,1,0,0,0,1,0,0,0,1,0,0,0,0
476,8950,54,3,2000,64000,Petrol,97,1,Blue,0,1400,3,4,5,69,1025,0,1,3,1,1,1,0,0,0,0,0,0,1,1,0,0,1,0,1,0,0
477,10250,54,3,2000,63792,Petrol,110,1,Green,0,1600,5,4,5,85,1075,0,1,3,1,1,1,1,0,1,0,1,1,1,1,0,0,1,0,1,0,0
478,9930,53,4,2000,63635,Petrol,110,1,Blue,0,1600,4,4,5,69,1035,0,1,3,1,1,1,1,0,1,1,0,1,1,0,1,0,1,0,0,0,0
479,10500,54,3,2000,63135,Petrol,110,1,Blue,0,1600,3,4,5,69,1050,1,1,3,1,1,1,1,0,0,0,1,1,1,0,0,0,1,0,0,0,1
480,11950,54,3,2000,63123,Petrol,110,1,Silver,0,1600,4,4,5,69,1035,1,1,3,1,1,1,1,0,0,1,1,1,1,0,0,0,1,0,0,0,0
481,11500,48,9,2000,63000,Diesel,69,1,Silver,0,1900,5,4,5,185,1140,0,1,6,1,1,0,1,0,0,0,1,1,1,1,0,0,0,0,1,0,1
482,11500,55,2,2000,63000,Petrol,110,0,Green,0,1600,4,4,5,69,1035,0,1,3,1,1,0,1,0,1,0,1,1,1,0,0,0,0,0,0,0,0
483,11450,54,3,2000,62987,Petrol,110,0,Red,0,1600,5,4,5,85,1080,0,1,3,1,1,1,1,0,0,0,1,1,1,0,1,0,1,0,0,0,1
484,9900,56,1,2000,62751,Petrol,110,0,Red,0,1600,3,4,5,69,1050,0,1,3,1,1,1,1,0,0,0,0,0,1,0,0,1,1,0,0,0,1
485,9500,54,3,2000,62519,Petrol,97,0,Black,0,1400,3,4,5,69,1025,0,1,3,1,1,1,0,0,0,1,0,0,1,1,0,0,1,0,1,0,0
486,10500,50,7,2000,62280,Petrol,97,1,Green,0,1400,5,4,5,85,1060,0,1,3,1,1,1,1,0,1,0,0,0,1,0,0,0,1,0,0,0,0
487,10750,50,7,2000,61672,Petrol,110,0,Blue,0,1600,5,4,5,85,1075,0,0,12,1,1,0,0,0,0,0,0,0,1,1,0,0,0,0,1,0,0
488,8950,54,3,2000,61000,Diesel,69,0,White,0,2000,5,4,5,185,1140,0,1,6,1,1,0,0,0,0,0,0,0,1,1,0,0,0,0,1,0,1
489,12000,56,1,2000,61000,Petrol,110,1,Black,0,1600,3,4,5,69,1050,1,1,3,0,1,0,0,0,0,0,1,1,1,0,0,0,1,0,0,0,0
490,9940,53,4,2000,60558,Petrol,110,1,Blue,0,1600,4,4,5,19,1105,0,0,12,1,1,1,1,0,1,1,1,1,1,0,1,0,0,0,0,0,0
491,10950,47,10,2000,60348,Petrol,110,0,Green,0,1600,4,4,5,69,1030,1,1,3,1,1,1,0,0,1,0,1,1,1,0,0,0,1,0,0,0,0
492,10750,54,3,2000,60239,Petrol,110,1,Green,0,1600,5,4,5,85,1075,0,1,3,1,1,1,0,0,1,0,0,0,1,1,0,0,1,0,1,0,1
493,9799,51,6,2000,59000,Petrol,97,1,Silver,0,1400,3,4,5,69,1025,0,1,6,0,1,0,1,0,0,0,1,1,1,1,0,0,0,0,1,0,0
494,11750,51,6,2000,58761,Petrol,97,0,Silver,0,1300,5,4,5,85,1060,0,1,12,1,1,0,0,0,0,0,1,1,1,1,0,0,0,0,1,0,1
495,11950,54,3,2000,58745,Petrol,110,1,Blue,0,1600,4,4,5,69,1035,1,1,3,1,1,1,1,0,1,1,1,1,1,0,1,0,1,0,0,0,0
496,11250,52,5,2000,58596,Petrol,110,1,Blue,0,1600,3,4,5,69,1045,0,1,3,1,1,1,1,0,1,0,1,1,1,0,1,0,1,0,0,0,0
497,11750,54,3,2000,58530,Petrol,110,0,Red,0,1600,5,4,5,85,1075,0,1,3,1,1,1,1,0,0,0,1,1,1,0,1,0,1,1,0,0,0
498,10950,55,2,2000,58377,Petrol,110,1,Black,0,1600,3,4,5,69,1050,1,1,3,0,1,0,1,0,0,0,1,1,1,0,1,1,1,1,0,0,0
499,11250,56,1,2000,58142,Petrol,110,1,Green,0,1600,5,4,5,85,1080,1,1,3,1,1,1,1,0,1,0,1,1,1,0,1,0,1,0,0,0,0
500,9950,53,4,2000,57948,Petrol,97,1,Blue,0,1400,3,4,5,69,1025,0,1,3,1,1,1,0,0,1,1,0,0,1,0,0,0,1,0,0,0,0
501,9700,51,6,2000,57645,Petrol,110,0,Red,0,1600,5,4,5,85,1080,0,1,3,1,1,1,1,0,1,0,1,1,1,0,1,0,1,0,0,0,0
502,11950,47,10,2000,57500,Petrol,110,1,Red,0,1600,4,4,5,19,1105,0,0,3,1,1,0,1,1,0,0,1,1,1,0,0,0,0,0,0,0,0
503,9900,53,4,2000,57475,Petrol,110,0,White,0,1600,3,4,5,69,1040,0,1,3,1,1,1,1,0,0,0,0,0,1,0,0,0,1,0,0,0,1
504,9990,55,2,2000,56743,Petrol,110,0,Black,0,1600,3,4,5,69,1045,0,1,3,1,1,1,1,0,1,0,1,1,1,0,1,0,1,0,0,0,0
505,9475,48,9,2000,56675,Petrol,97,1,Red,0,1400,3,4,5,69,1025,0,1,3,1,1,1,0,0,1,1,1,1,1,0,0,0,1,0,0,0,0
506,11500,54,3,2000,55877,Petrol,110,1,Red,0,1600,5,4,5,85,1075,1,1,3,1,1,1,0,0,0,0,0,0,1,0,0,0,1,0,0,0,1
507,11950,53,4,2000,55500,Petrol,110,1,Blue,0,1600,4,4,5,69,1035,1,1,12,1,1,0,1,0,0,0,1,1,1,1,1,0,0,0,0,0,1
508,11500,55,2,2000,54900,Petrol,97,1,Red,0,1400,5,4,5,85,1060,1,1,3,1,1,1,0,0,0,0,0,0,1,0,0,0,1,0,0,0,0
509,10500,50,7,2000,54465,Petrol,110,0,Green,0,1600,5,4,5,85,1075,0,1,3,1,1,1,0,0,1,0,0,0,1,0,0,0,1,0,0,0,0
510,10900,46,11,2000,53700,Petrol,97,1,Grey,0,1400,5,4,5,85,1060,1,1,3,1,1,1,0,0,1,1,1,1,1,0,0,0,1,0,0,0,0
511,11700,52,5,2000,53561,Petrol,97,1,Grey,0,1400,5,4,5,85,1060,1,1,3,1,1,1,0,0,0,1,1,1,1,0,0,0,1,0,0,0,0
512,11900,51,6,2000,53408,Petrol,110,1,Green,0,1600,5,4,5,85,1080,0,0,12,1,1,0,1,0,0,0,1,1,1,0,0,0,0,0,0,0,0
513,13950,51,6,2000,53268,Petrol,110,1,Red,0,1600,5,4,5,85,1080,1,1,3,1,1,1,1,0,1,1,0,1,1,0,0,0,1,0,0,0,0
514,10950,49,8,2000,53116,Petrol,97,1,Red,0,1400,3,4,5,69,1025,0,1,3,1,1,1,0,0,1,1,0,0,1,0,0,0,1,0,0,0,0
515,10500,56,1,2000,52448,Petrol,97,0,Grey,0,1400,3,4,5,69,1025,1,1,3,1,1,1,0,0,1,1,0,0,1,0,0,0,1,0,0,0,0
516,10750,55,2,2000,52149,Petrol,97,1,Grey,0,1400,3,4,5,19,1085,0,1,12,1,1,0,0,0,0,0,0,0,1,1,0,0,0,1,1,0,0
517,11950,55,2,2000,52141,Petrol,110,1,Green,0,1600,5,4,5,85,1070,1,1,3,1,1,1,1,0,0,0,0,0,1,0,0,0,1,0,0,0,1
518,10000,56,1,2000,52000,Petrol,97,0,Grey,0,1400,3,4,5,69,1025,0,0,3,1,1,1,0,0,1,0,0,0,1,0,0,0,1,0,0,0,0
519,10495,48,9,2000,50967,Petrol,97,1,Grey,0,1400,5,4,5,85,1060,1,1,3,1,1,1,0,0,0,0,0,0,1,0,0,0,1,0,0,0,0
520,11450,50,7,2000,50400,Petrol,110,0,Grey,0,1600,5,4,5,85,1080,1,1,3,1,1,1,1,0,1,0,1,1,1,0,1,0,1,0,0,0,0
521,9400,54,3,2000,50000,Petrol,97,1,Silver,0,1400,3,4,5,69,1025,0,1,3,1,1,1,0,0,1,0,0,0,1,0,0,0,1,0,0,0,1
522,11950,51,6,2000,50000,Petrol,86,1,Violet,0,1300,5,4,5,69,1045,1,1,12,1,1,0,1,0,0,0,1,1,1,1,0,0,0,0,1,0,0
523,9650,53,4,2000,49969,Petrol,110,0,Red,0,1600,5,4,5,85,1075,0,1,3,1,1,1,1,0,1,0,1,1,1,1,0,0,1,0,1,0,1
524,18950,49,8,2000,49568,Petrol,110,1,Grey,0,1600,3,4,5,19,1105,0,1,3,1,1,0,1,1,0,0,0,0,1,1,1,0,0,0,1,0,0
525,11450,51,6,2000,49473,Petrol,110,0,Red,0,1600,3,4,5,85,1055,1,1,3,1,1,1,1,0,1,0,1,1,1,1,1,0,1,1,1,0,0
526,10250,52,5,2000,49432,Petrol,110,1,Blue,0,1600,3,4,5,69,1050,1,1,3,1,1,1,1,0,0,0,1,1,1,1,0,0,1,0,1,0,1
527,11450,48,9,2000,49417,Petrol,110,1,Red,0,1600,3,4,5,69,1045,1,1,3,1,1,1,1,0,1,0,1,1,1,0,1,0,1,0,0,0,0
528,9950,54,3,2000,49366,Petrol,97,1,Grey,0,1400,3,4,5,69,1025,0,1,3,1,1,1,0,0,0,1,0,0,1,0,0,0,1,0,0,0,0
529,10500,56,1,2000,48731,Petrol,110,1,Black,0,1600,3,4,5,85,1055,1,1,3,1,1,1,0,0,1,0,1,1,1,0,1,0,1,1,0,0,0
530,13750,54,3,2000,48370,Petrol,110,1,Green,0,1600,5,4,5,85,1080,0,1,3,1,1,1,1,0,0,1,1,1,1,0,1,0,1,0,0,0,1
531,9950,48,9,2000,48071,Petrol,97,0,Silver,0,1400,3,4,5,69,1025,1,1,3,1,1,1,0,0,1,1,0,0,1,0,0,0,1,0,0,0,0
532,10250,54,3,2000,47852,Petrol,110,1,Red,0,1600,4,4,5,69,1030,0,1,3,1,1,1,0,0,0,0,0,0,1,1,0,0,1,0,1,0,0
533,10850,54,3,2000,47768,Petrol,110,0,Black,0,1600,3,4,5,85,1055,1,1,3,1,1,1,1,0,1,1,1,1,1,0,1,0,1,1,0,0,0
534,11895,52,5,2000,47689,Petrol,110,0,Red,0,1600,5,4,5,85,1075,1,1,3,1,1,1,0,0,0,0,0,0,1,1,0,0,1,0,1,0,0
535,12950,53,4,2000,47451,Petrol,110,1,Black,0,1600,3,4,5,85,1055,0,1,3,1,1,1,1,0,1,1,1,1,1,0,1,1,1,1,0,0,1
536,11950,50,7,2000,47219,Petrol,110,1,Grey,0,1600,5,4,5,85,1080,1,1,3,1,1,1,1,0,1,1,1,1,1,0,1,0,1,0,0,0,0
537,10750,56,1,2000,47211,Petrol,110,1,Green,0,1600,5,4,5,85,1070,1,1,3,1,1,1,0,0,0,0,0,0,1,0,0,0,1,0,0,0,0
538,9550,54,3,2000,46856,Petrol,97,0,Red,0,1400,5,4,5,85,1060,0,1,3,1,1,1,0,0,1,1,0,0,1,0,0,0,1,0,0,0,0
539,10950,56,1,2000,46500,Petrol,86,0,Black,0,1300,5,4,5,69,1035,1,1,12,1,1,0,0,0,0,0,0,0,1,0,0,0,1,0,0,0,0
540,11750,52,5,2000,46449,Petrol,110,1,Red,0,1600,4,4,5,69,1035,1,1,3,1,1,1,1,0,1,1,1,1,1,0,0,0,1,0,0,0,1
541,10950,47,10,2000,46391,Petrol,110,0,Black,0,1600,5,4,5,85,1075,0,1,12,1,1,0,0,0,0,0,0,0,1,1,0,0,0,0,1,0,0
542,12450,54,3,2000,46230,Petrol,110,1,Black,0,1600,3,4,5,85,1055,1,1,3,1,1,1,1,0,1,1,1,1,1,0,1,0,1,1,0,0,0
543,10500,52,5,2000,46029,Petrol,110,1,Grey,0,1600,4,4,5,69,1030,1,1,3,1,1,1,1,0,1,0,0,0,1,1,0,0,1,0,1,0,0
544,10900,50,7,2000,46000,Petrol,97,0,Red,0,1400,3,4,5,69,1025,1,1,3,1,1,1,0,0,1,1,0,0,1,1,0,0,1,0,1,0,0
545,12950,50,7,2000,45900,Petrol,110,1,Black,0,1600,5,4,5,85,1075,1,1,3,1,1,1,0,0,1,0,1,1,1,1,0,0,1,0,1,0,1
546,10950,47,10,2000,45850,Petrol,97,0,Grey,0,1400,5,4,5,85,1060,1,1,3,1,1,1,0,0,1,0,0,0,1,0,0,0,1,0,0,0,0
547,12500,56,1,2000,45336,Petrol,110,1,Green,0,1600,5,4,5,85,1080,1,1,3,1,1,1,1,0,0,1,1,1,1,0,1,0,1,1,0,0,0
548,9950,55,2,2000,44537,Petrol,97,0,Red,0,1400,3,4,5,69,1025,0,1,3,1,1,1,0,0,0,0,0,0,1,1,0,0,1,0,1,0,1
549,10750,56,1,2000,43700,Petrol,86,1,Grey,0,1300,3,4,5,69,1025,1,1,3,1,1,1,1,0,0,0,1,1,1,1,1,0,1,1,1,0,0
550,12500,48,9,2000,43120,Petrol,97,1,Black,0,1400,3,4,5,69,1030,1,1,3,1,1,1,1,0,1,0,1,1,1,0,1,0,1,0,0,0,0
551,10450,49,8,2000,41710,Petrol,110,0,Blue,0,1600,3,4,5,69,1040,1,0,12,1,0,0,0,0,0,0,1,1,1,1,0,0,0,1,1,0,0
552,10750,52,5,2000,41700,Petrol,97,1,Grey,0,1400,3,4,5,69,1025,1,1,3,1,1,1,0,0,1,0,1,1,1,0,0,0,1,0,0,0,1
553,12950,49,8,2000,41636,Petrol,110,1,Silver,0,1600,5,4,5,19,1105,0,1,12,1,1,0,1,0,0,0,1,1,1,1,0,0,0,0,1,0,1
554,10995,50,7,2000,41273,Petrol,97,0,Grey,0,1400,5,4,5,85,1060,1,1,3,1,1,1,0,0,1,0,1,1,1,1,0,0,1,0,1,0,1
555,11950,49,8,2000,40836,Petrol,110,0,Grey,1,1600,3,4,5,85,1075,1,1,3,1,1,1,1,0,1,0,1,1,1,0,1,0,1,0,0,0,0
556,11250,50,7,2000,40400,Petrol,97,1,Red,0,1400,5,4,5,85,1060,1,1,3,1,1,1,0,0,1,0,1,1,1,0,0,0,1,0,0,0,1
557,11950,47,10,2000,40361,Petrol,110,1,Black,0,1600,5,4,5,85,1090,0,1,3,1,1,1,1,0,0,0,1,1,1,0,1,1,1,1,0,0,0
558,13750,54,3,2000,40325,Petrol,86,0,Red,0,1300,5,4,5,69,1045,0,1,3,1,1,1,1,0,0,0,1,1,1,0,1,0,1,0,0,0,0
559,11000,47,10,2000,40000,Petrol,110,0,Black,0,1600,5,4,5,85,1080,0,0,3,1,1,1,1,0,0,0,1,1,1,0,1,0,1,0,0,0,0
560,13500,50,7,2000,39706,Petrol,110,1,Grey,0,1600,5,4,5,85,1080,0,1,3,1,1,1,1,0,1,1,1,1,1,0,1,0,1,0,0,0,0
561,10950,54,3,2000,39291,Petrol,110,1,Green,0,1600,3,4,5,69,1040,0,1,3,0,1,1,1,0,0,1,1,1,1,0,1,0,1,0,0,0,0
562,10750,54,3,2000,39000,Petrol,97,0,Grey,0,1400,3,4,5,69,1025,0,1,3,1,1,1,0,0,1,1,0,0,1,0,0,0,1,0,0,0,0
563,8950,47,10,2000,38900,Petrol,97,1,Grey,0,1400,3,4,5,69,1025,0,1,3,1,1,1,0,0,1,1,0,0,1,0,0,0,1,0,0,0,0
564,12950,51,6,2000,38403,Petrol,110,0,Blue,0,1600,3,4,5,85,1055,0,1,3,1,1,1,0,0,1,0,1,1,1,0,1,0,1,1,0,0,0
565,9750,56,1,2000,37461,Petrol,97,0,Grey,0,1400,3,4,5,69,1025,0,1,3,1,1,1,0,0,1,0,0,0,1,0,0,0,1,0,0,0,0
566,10900,54,3,2000,37000,Petrol,97,1,Grey,0,1400,3,4,5,69,1025,1,1,3,1,1,1,0,0,1,1,0,0,1,0,0,0,1,0,0,0,1
567,10995,55,2,2000,36406,Petrol,110,1,Grey,0,1600,4,4,5,69,1035,1,1,3,1,1,1,1,0,1,0,1,1,1,0,0,0,1,0,0,0,0
568,10750,48,9,2000,36005,Petrol,97,1,Black,0,1400,5,4,5,85,1065,1,1,3,1,1,1,1,0,1,0,1,1,1,0,1,0,1,0,0,0,0
569,10950,52,5,2000,36000,Petrol,110,1,Grey,0,1600,5,4,5,85,1075,0,1,3,1,1,1,0,0,1,0,1,1,1,1,0,0,1,0,1,0,1
570,13000,49,8,2000,36000,Petrol,110,0,Grey,0,1600,5,4,5,85,1080,1,1,3,1,1,1,1,0,1,0,1,1,1,0,1,0,1,0,0,0,0
571,12950,45,12,2000,36000,Petrol,110,1,Green,1,1600,3,4,5,85,1070,1,1,3,1,1,1,0,0,0,0,0,0,1,0,0,0,1,0,0,0,0
572,11500,52,5,2000,35823,Petrol,110,0,Grey,0,1600,5,4,5,85,1075,1,1,3,1,1,1,0,0,1,0,0,0,1,0,0,0,1,0,0,0,0
573,10950,56,1,2000,35230,Petrol,97,0,Grey,0,1400,3,4,5,69,1025,1,1,3,1,1,1,0,0,0,0,0,0,1,0,0,0,1,0,0,0,0
574,11710,48,9,2000,35142,Petrol,110,0,Red,0,1600,3,4,5,85,1055,0,1,3,1,1,1,1,0,0,0,1,1,1,0,1,0,1,0,0,0,0
575,9980,49,8,2000,34890,Petrol,97,0,Blue,0,1400,3,4,5,69,1025,1,1,3,1,1,1,0,0,1,1,0,0,1,0,0,0,1,0,0,0,0
576,12250,51,6,2000,34882,Petrol,110,1,Silver,0,1600,5,4,5,85,1075,1,1,3,1,1,1,0,0,0,1,0,0,1,0,0,0,1,0,0,0,0
577,11500,46,11,2000,34000,Petrol,110,1,Red,0,1600,5,4,5,85,1075,1,1,3,1,1,1,1,0,1,0,0,1,1,0,0,0,1,0,0,0,0
578,11950,56,1,2000,33998,Petrol,110,0,Green,0,1600,5,4,5,85,1080,1,1,12,0,1,0,1,0,0,1,1,0,1,1,1,0,0,0,0,0,0
579,11500,55,2,2000,33230,Petrol,110,0,Red,0,1600,3,4,5,69,1050,0,1,3,1,1,1,1,0,0,0,1,1,1,0,0,1,1,0,0,0,0
580,11900,46,11,2000,33021,Petrol,110,1,Grey,0,1600,5,4,5,85,1080,1,1,3,1,1,1,1,0,1,0,1,1,1,0,1,0,1,0,0,0,0
581,11930,49,8,2000,31999,Petrol,97,0,Black,0,1400,3,4,5,69,1030,0,1,3,1,1,1,1,0,1,0,1,1,1,0,1,0,1,0,0,0,0
582,10500,52,5,2000,31579,Petrol,97,0,Red,0,1400,3,4,5,69,1025,0,1,3,1,1,1,1,0,1,1,1,0,1,0,0,0,1,0,0,0,1
583,8950,56,1,2000,31000,Petrol,97,0,Red,0,1400,3,4,5,69,1025,0,0,6,1,0,0,0,0,0,0,0,0,1,0,0,0,0,0,0,0,0
584,10450,46,11,2000,30806,Petrol,97,1,Red,0,1400,5,4,5,85,1060,1,1,3,1,1,1,0,0,1,0,0,0,1,1,0,0,1,0,1,0,0
585,10500,55,2,2000,30461,Petrol,86,1,Blue,0,1300,5,4,5,69,1050,1,1,3,1,1,1,0,0,0,0,0,0,1,0,0,0,1,0,0,0,1
586,12950,50,7,2000,29686,Petrol,110,1,Green,1,1600,3,4,5,85,1075,1,1,3,1,1,1,1,0,1,1,1,1,1,0,1,0,1,1,0,0,1
587,9950,55,2,2000,29650,Petrol,86,0,Red,0,1300,3,4,6,69,1025,0,1,3,1,1,1,1,0,0,0,1,1,1,0,1,1,1,0,0,0,1
588,12900,52,5,2000,29500,Petrol,110,1,Black,0,1600,3,4,5,85,1055,1,1,3,1,1,1,1,0,1,0,1,1,1,0,1,0,1,1,0,0,0
589,9950,48,9,2000,28656,Petrol,97,0,Red,0,1400,3,4,5,19,1085,0,1,3,1,1,0,1,1,0,0,0,0,1,0,0,0,0,0,0,0,0
590,9950,55,2,2000,27500,Petrol,97,1,Grey,0,1400,3,4,5,69,1025,1,1,3,1,1,1,0,0,1,0,0,0,1,0,0,0,1,0,0,0,0
591,10950,48,9,2000,26938,Petrol,110,1,Blue,0,1600,3,4,5,69,1040,0,0,12,1,1,1,0,0,1,1,1,1,1,0,0,0,0,0,0,0,0
592,10950,53,4,2000,26624,Petrol,97,0,Blue,0,1400,5,4,5,85,1060,0,1,3,1,1,1,0,0,1,0,0,0,1,1,0,0,1,0,1,0,1
593,9950,47,10,2000,26221,Petrol,97,1,Blue,0,1400,3,4,5,69,1025,0,1,3,1,1,1,0,0,1,0,0,1,1,0,0,0,1,0,0,0,1
594,10950,50,7,2000,22648,Petrol,97,1,Grey,0,1400,5,4,5,85,1060,0,1,3,1,1,0,0,0,0,0,1,1,1,1,0,0,0,0,1,0,1
595,10800,50,7,2000,22500,Petrol,97,1,Green,0,1400,3,4,5,69,1025,0,1,3,1,1,1,1,0,1,0,0,0,1,0,0,0,1,0,0,0,0
596,10500,56,1,2000,19313,Petrol,97,0,Grey,0,1400,3,4,5,69,1025,0,1,3,1,1,1,0,0,0,0,0,0,1,0,0,0,1,0,0,0,0
597,10450,50,7,2000,17619,Petrol,110,0,Green,0,1600,4,4,5,69,1030,0,1,3,0,0,0,0,0,0,0,0,0,0,0,0,0,0,0,0,0,0
598,10600,51,6,2000,17069,Petrol,97,1,Green,0,1400,3,4,5,69,1025,0,1,3,1,1,1,0,0,0,1,0,0,1,0,0,0,1,0,0,0,0
599,10450,48,9,2000,15000,Petrol,97,1,Red,0,1400,3,4,5,69,1025,1,1,3,1,1,1,0,0,1,0,0,0,1,0,0,0,1,0,0,0,0
600,12950,50,7,2000,10210,Petrol,97,0,Grey,0,1400,5,4,5,85,1065,0,1,3,1,1,1,1,0,1,0,1,1,1,0,1,0,1,0,0,0,0
601,11250,47,10,2000,5309,Petrol,110,1,Green,1,1600,3,4,5,85,1070,0,1,3,1,1,1,1,0,1,0,0,0,1,0,0,0,1,0,0,1,1
602,7500,50,7,2000,1,Diesel,90,1,Green,0,2000,3,4,5,64,1260,0,0,3,1,1,0,1,0,0,0,1,1,1,1,0,0,0,1,1,0,1
603,8950,52,5,2000,31000,Petrol,97,0,Grey,0,1398,3,4,5,69,1025,0,0,3,1,1,0,0,0,1,0,0,0,0,0,0,0,0,1,0,0,1
604,6950,58,11,1999,205000,Diesel,72,1,Silver,0,2000,4,4,5,185,1100,0,1,3,1,1,1,0,0,0,0,0,0,1,0,0,0,1,0,0,0,0
605,7900,68,1,1999,204250,Diesel,72,0,Black,0,2000,3,4,5,185,1115,0,1,3,1,1,1,0,0,0,0,1,1,1,0,0,1,1,0,0,0,0
606,5950,68,1,1999,194545,Petrol,86,0,Red,0,1300,4,4,5,69,1000,0,1,3,1,1,1,0,0,0,0,0,0,1,0,0,0,0,0,0,0,0
607,7500,59,10,1999,190900,Diesel,72,1,Grey,0,2000,3,4,5,185,1115,0,1,3,1,1,1,1,0,0,0,0,0,1,0,0,1,1,0,0,0,0
608,7500,62,7,1999,183500,Diesel,72,1,Silver,0,2000,5,4,5,185,1140,0,1,3,1,1,1,1,0,0,0,1,1,1,1,1,0,1,1,1,0,0
609,6900,65,4,1999,176184,Diesel,72,1,Grey,0,2000,3,4,5,185,1115,0,1,3,1,1,1,1,0,0,0,0,0,1,0,0,0,1,0,0,0,0
610,5751,67,2,1999,174833,Diesel,72,0,Red,0,2000,4,4,5,185,1100,0,1,3,1,1,1,1,0,0,0,1,0,1,0,0,0,0,1,0,0,1
611,6950,68,1,1999,155720,Petrol,86,1,Green,0,1300,3,4,5,69,1015,0,1,3,1,1,1,0,0,0,0,1,1,1,1,0,1,1,1,1,0,1
612,7950,67,2,1999,155500,Petrol,110,1,Violet,0,1600,5,4,5,69,1050,0,1,6,1,1,0,0,0,0,0,1,1,1,0,0,0,0,1,0,0,1
613,7750,59,10,1999,154783,Diesel,72,1,Black,0,2000,3,4,5,185,1120,0,1,3,1,1,1,1,0,0,1,1,1,1,0,1,0,1,0,0,0,0
614,7950,64,5,1999,154462,Diesel,72,1,Green,0,2000,5,4,5,185,1135,0,1,3,1,1,1,1,0,0,0,0,0,1,1,0,0,1,0,1,0,0
615,8250,64,5,1999,150585,Petrol,110,1,Blue,0,1600,3,4,6,85,1065,0,1,3,1,1,1,1,0,0,0,1,1,1,0,1,1,1,1,0,0,0
616,6250,67,2,1999,149000,Diesel,90,1,Blue,0,2000,5,4,5,64,1135,0,0,3,1,1,1,0,0,0,0,1,1,1,0,1,0,0,0,0,0,0
617,9500,62,7,1999,147636,Diesel,72,0,White,0,2000,5,4,5,185,1135,0,1,3,1,1,1,1,0,0,0,0,0,1,0,0,0,1,0,0,0,0
618,6900,59,10,1999,144521,Diesel,72,1,Grey,0,2000,5,4,5,64,1135,0,0,3,1,1,0,0,0,0,0,0,0,1,0,0,0,0,0,0,0,0
619,8450,64,5,1999,144000,CNG,110,1,Black,0,1600,3,4,6,72,1065,0,1,3,0,0,0,1,0,0,0,1,1,1,1,0,0,0,1,1,0,0
620,7350,65,4,1999,140168,Diesel,72,1,Red,0,2000,3,4,5,185,1115,0,1,3,1,1,1,0,0,0,0,0,0,1,0,0,1,1,0,0,0,1
621,8950,68,1,1999,140000,Petrol,110,1,Black,0,1600,5,4,5,85,1085,0,1,3,1,1,1,1,0,0,0,1,0,1,0,0,1,1,0,0,0,1
622,6900,60,9,1999,139800,Diesel,72,0,Black,0,2000,3,4,5,185,1115,0,1,3,1,1,1,0,0,0,0,0,0,1,0,0,0,1,0,0,0,0
623,8950,59,10,1999,137050,CNG,110,1,Red,0,1600,3,4,5,197,1078,0,1,3,1,1,1,0,0,0,1,1,0,1,0,0,1,1,0,0,0,1
624,8750,61,8,1999,136956,Petrol,110,0,Red,0,1600,3,4,6,85,1065,0,1,3,1,1,1,1,0,0,0,1,1,1,0,1,1,1,1,0,0,0
625,7950,67,2,1999,135337,CNG,110,1,Red,0,1600,5,4,5,197,1120,0,1,3,1,1,1,1,0,0,1,1,1,1,0,1,0,1,1,0,0,0
626,8950,64,5,1999,133769,Diesel,72,1,Green,0,2000,3,4,5,185,1120,0,1,3,0,1,0,1,0,0,0,1,1,1,0,1,0,1,0,0,0,1
627,8950,58,11,1999,133405,Diesel,72,1,Blue,0,2000,5,4,5,185,1135,0,1,3,1,1,1,0,0,0,0,1,1,1,0,0,1,1,0,0,0,0
628,8950,65,4,1999,132807,Diesel,72,1,Green,0,2000,5,4,5,185,1135,1,1,3,1,1,1,1,0,0,0,0,0,1,0,0,1,1,0,0,0,0
629,7950,64,5,1999,132393,Diesel,72,0,Red,0,2000,5,4,5,185,1135,0,1,3,1,1,1,0,0,0,0,0,0,1,0,0,1,1,0,0,0,0
630,7750,60,9,1999,130270,Petrol,110,0,Blue,0,1600,3,4,5,69,1050,0,1,3,1,1,0,1,0,0,0,1,1,1,1,0,0,1,0,1,0,0
631,7500,59,10,1999,130000,Diesel,72,1,Grey,0,2000,4,4,5,185,1135,0,1,3,0,1,0,0,0,0,0,0,0,1,1,0,0,0,0,1,0,0
632,8950,67,2,1999,127000,Diesel,72,1,Red,0,2000,5,4,5,185,1135,1,1,3,1,1,1,0,0,0,0,0,0,1,1,0,1,1,0,1,0,1
633,9800,67,2,1999,126800,Diesel,72,0,Black,0,2000,5,4,5,185,1135,0,1,3,1,1,1,1,0,0,0,0,0,1,0,0,0,1,0,0,0,1
634,9450,66,3,1999,126452,Petrol,110,1,Green,0,1600,5,4,5,85,1085,1,1,3,1,1,1,0,0,0,0,0,0,1,0,0,1,1,0,0,0,0
635,8950,62,7,1999,125175,Diesel,116,0,Red,0,2000,5,4,5,185,1150,0,0,3,1,1,1,0,0,0,0,1,0,1,0,0,0,0,0,0,0,0
636,8750,68,1,1999,125000,Diesel,72,1,Green,0,2000,3,4,5,185,1115,0,1,3,1,1,1,0,0,0,1,0,0,1,0,0,1,1,0,0,0,0
637,10500,61,8,1999,123000,Diesel,72,0,Blue,0,2000,5,4,5,185,1135,1,1,3,1,1,1,0,0,0,0,0,0,1,0,0,1,1,0,0,0,0
638,7995,59,10,1999,121626,Petrol,86,0,Red,0,1300,5,4,5,69,1050,0,1,3,1,1,1,0,0,0,0,0,0,1,0,0,1,1,0,0,0,0
639,10450,64,5,1999,120400,Petrol,110,0,Black,0,1600,5,4,5,85,1090,0,1,3,1,1,1,1,0,0,0,1,1,1,0,1,0,1,0,0,0,0
640,9950,66,3,1999,120000,Diesel,72,0,Blue,0,2000,4,4,5,185,1100,0,1,3,1,1,1,0,0,0,0,0,0,1,0,0,0,0,0,0,0,0
641,9950,68,1,1999,119541,Petrol,110,0,Red,0,1600,3,4,5,85,1055,0,1,3,1,1,1,1,0,0,0,1,1,1,0,1,0,1,0,0,0,0
642,8950,68,1,1999,119500,Petrol,110,1,Green,0,1600,5,4,5,85,1070,1,0,12,1,1,0,0,0,0,0,1,1,1,0,0,0,0,0,0,0,1
643,7950,68,1,1999,119289,Petrol,110,1,Silver,0,1600,4,4,5,69,1035,1,1,3,1,1,1,0,0,0,0,1,1,1,1,0,0,0,0,1,0,0
644,10950,57,12,1999,118833,Petrol,110,0,Blue,0,1600,3,4,6,85,1065,1,1,3,1,1,1,1,0,0,0,1,1,1,0,1,1,1,1,0,0,0
645,9950,64,5,1999,118000,Diesel,72,1,Grey,0,2000,5,4,5,185,1150,0,1,3,1,1,1,1,0,0,0,0,0,1,0,0,1,1,0,0,0,1
646,8600,68,1,1999,117955,Petrol,110,1,Green,1,1600,4,4,5,85,1065,1,1,3,1,1,1,1,0,0,0,1,0,1,1,0,0,0,0,1,0,0
647,7250,65,4,1999,117609,Petrol,86,0,Silver,0,1300,3,4,5,69,1015,0,1,3,1,1,1,0,0,0,0,0,0,1,0,0,1,1,0,0,0,0
648,6950,68,1,1999,117000,Diesel,72,0,Silver,0,2000,3,4,5,185,1115,0,1,3,1,1,1,0,0,0,0,0,0,1,0,0,1,1,0,0,0,0
649,8000,64,5,1999,116000,Petrol,86,0,Black,0,1300,5,4,5,69,1045,0,0,3,1,1,1,0,0,0,0,1,1,1,0,1,1,1,0,0,0,0
650,9950,58,11,1999,115715,Petrol,110,0,Blue,0,1600,5,4,5,85,1070,0,1,3,1,1,1,0,0,0,0,0,0,1,0,0,0,1,0,0,0,0
651,9450,60,9,1999,115191,CNG,110,1,Red,0,1600,4,4,5,197,1079,1,1,3,1,1,1,0,0,0,0,0,0,1,0,0,0,0,0,0,0,0
652,7950,68,1,1999,115071,Petrol,110,1,Black,0,1600,3,4,5,85,1055,0,1,3,1,1,1,1,0,0,1,1,1,1,0,1,0,1,0,0,0,1
653,9450,63,6,1999,115000,CNG,110,0,Red,0,1600,3,4,5,197,1109,0,1,6,1,1,0,1,0,0,0,1,1,1,0,1,0,0,1,0,0,1
654,9950,64,5,1999,114846,Petrol,110,1,Green,0,1600,5,4,5,85,1075,1,1,3,1,1,1,1,0,0,0,1,1,1,0,1,0,1,1,0,0,0
655,6950,65,4,1999,114383,Diesel,90,0,White,0,2000,3,4,5,64,1260,0,1,3,1,0,0,0,0,0,0,0,0,1,0,0,0,0,0,0,0,0
656,8250,59,10,1999,113700,Petrol,110,1,Green,0,1600,5,4,5,19,1065,1,1,12,1,1,0,0,0,0,0,0,0,1,1,0,0,0,0,1,0,1
657,9950,67,2,1999,113118,Petrol,86,1,Black,0,1300,3,4,5,69,1020,1,1,3,1,1,1,1,0,0,0,1,1,1,0,1,0,1,0,0,0,1
658,8250,59,10,1999,112827,Petrol,86,1,Blue,0,1300,5,4,5,69,1040,0,1,3,1,1,1,1,0,0,0,1,1,1,0,1,0,1,1,0,0,0
659,9950,68,1,1999,112116,Petrol,110,1,Green,0,1600,5,4,5,85,1070,1,1,3,1,1,1,0,0,0,0,1,1,1,0,0,1,1,0,0,0,0
660,10500,66,3,1999,112000,Petrol,110,1,Black,0,1600,3,4,6,85,1065,1,1,3,1,1,1,1,0,0,0,1,1,1,0,1,1,1,1,0,0,0
661,7950,62,7,1999,112000,Diesel,72,0,Grey,0,2000,4,4,5,64,1135,0,1,3,1,1,0,0,0,0,0,0,0,1,0,0,0,0,0,0,0,0
662,9750,65,4,1999,111769,Petrol,110,0,Red,0,1600,3,4,6,85,1065,1,1,3,1,1,1,1,0,0,0,1,1,1,0,1,1,1,1,0,0,0
663,9250,61,8,1999,110853,Petrol,110,1,Grey,0,1600,5,4,5,85,1070,0,1,3,1,1,1,0,0,0,0,0,0,1,0,0,1,1,0,0,0,0
664,9500,68,1,1999,110287,Petrol,110,1,Black,0,1600,3,4,5,69,1050,0,1,3,0,1,0,0,0,0,0,0,0,1,0,0,0,0,0,0,0,0
665,9950,62,7,1999,109547,Petrol,110,0,Green,0,1600,5,4,5,85,1075,1,1,3,1,1,1,1,0,0,1,1,1,1,0,1,0,1,1,0,0,0
666,7750,63,6,1999,109230,Petrol,110,0,Grey,0,1600,3,4,5,69,1050,1,1,3,1,1,1,0,0,0,0,0,0,1,0,0,1,1,0,0,0,0
667,9500,68,1,1999,109150,Petrol,110,0,Red,0,1600,5,4,5,85,1075,0,1,3,1,1,1,1,0,0,0,1,1,1,0,1,0,1,0,0,0,0
668,9950,67,2,1999,108793,Petrol,110,1,Silver,0,1600,4,4,5,69,1035,1,1,3,1,1,1,0,0,0,0,1,1,1,0,0,0,1,0,0,0,1
669,9750,64,5,1999,106784,Petrol,110,0,Blue,1,1600,3,4,5,19,1050,0,1,12,1,1,0,1,1,0,0,1,1,1,0,1,0,0,1,0,0,0
670,9750,58,11,1999,105942,Petrol,86,0,Red,0,1300,5,4,5,69,1040,1,1,3,1,1,1,1,0,0,1,1,1,1,0,1,0,1,1,0,0,0
671,5950,59,10,1999,105000,Petrol,86,1,Silver,0,1300,3,4,5,19,1015,0,0,3,1,1,1,0,0,0,0,1,1,1,1,0,0,0,1,1,0,0
672,8500,62,7,1999,105000,Petrol,86,0,Black,0,1300,5,4,5,69,1040,0,0,3,1,1,1,1,0,0,0,1,1,1,0,1,1,1,0,0,0,0
673,8495,68,1,1999,104299,Petrol,110,1,Grey,0,1600,5,4,5,85,1085,0,1,3,1,1,1,0,0,0,0,0,0,1,0,0,1,1,0,0,0,0
674,9250,67,2,1999,104000,Petrol,86,0,Grey,0,1300,3,4,5,69,1020,1,1,3,1,1,1,1,0,0,0,1,1,1,0,1,0,1,0,0,0,0
675,6900,68,1,1999,104000,Petrol,86,1,Green,0,1300,3,4,5,19,1015,0,0,6,0,1,0,0,0,0,0,0,0,1,0,0,0,0,0,0,0,1
676,8950,58,11,1999,103458,Petrol,86,1,Red,0,1300,3,4,5,69,1025,1,1,3,1,1,1,1,0,0,0,1,1,1,0,1,1,1,0,0,0,0
677,9500,63,6,1999,103400,Petrol,110,1,Green,0,1600,5,4,5,85,1075,0,1,3,1,1,1,1,0,0,0,1,1,1,0,1,0,1,1,0,0,1
678,9250,63,6,1999,102807,Petrol,86,0,Black,0,1300,5,4,5,85,1055,0,1,3,1,1,1,1,0,0,0,1,1,1,0,1,0,1,0,0,0,0
679,9895,68,1,1999,102494,Petrol,110,0,Red,0,1600,5,4,5,85,1090,1,1,3,1,1,1,1,0,0,0,1,1,1,0,1,0,1,0,0,0,1
680,9950,57,12,1999,102300,Diesel,72,1,Blue,0,2000,5,4,5,185,1135,1,1,3,0,1,0,0,0,0,0,0,0,1,0,0,0,1,1,0,0,0
681,7950,61,8,1999,102106,Petrol,110,0,Blue,0,1600,3,4,5,69,1050,0,1,3,1,1,1,1,0,0,0,1,1,1,0,0,1,1,0,0,0,0
682,8750,68,1,1999,101889,Petrol,110,1,Green,0,1600,5,4,5,85,1075,1,1,3,1,1,1,1,0,0,0,1,1,1,0,1,0,1,0,0,0,0
683,8250,57,12,1999,101791,Diesel,72,0,Green,0,2000,3,4,5,185,1115,0,1,3,1,1,1,0,0,0,0,0,0,1,0,0,1,1,0,0,0,0
684,8950,63,6,1999,101469,Petrol,110,1,Blue,0,1600,3,4,6,85,1065,0,1,3,1,1,1,1,0,0,0,1,1,1,0,1,1,1,1,0,0,0
685,8950,68,1,1999,101001,Petrol,110,0,Red,0,1600,5,4,5,85,1075,1,1,3,1,1,1,1,0,0,0,1,1,1,0,1,0,1,1,0,0,0
686,8950,61,8,1999,100748,Petrol,110,0,Red,0,1600,5,4,5,85,1070,0,1,3,1,1,1,0,0,0,0,1,1,1,0,0,1,1,0,0,0,1
687,8950,65,4,1999,100550,Petrol,110,1,Red,0,1600,5,4,5,85,1075,0,1,3,1,1,1,1,0,0,0,1,1,1,0,1,0,1,1,0,0,1
688,9450,67,2,1999,99781,Petrol,110,1,Grey,0,1600,5,4,5,85,1085,0,1,3,1,1,1,0,0,0,0,0,0,1,0,0,1,1,0,0,0,0
689,8950,59,10,1999,98658,Petrol,86,1,Silver,0,1300,3,4,5,69,1020,0,1,3,1,1,1,1,0,0,0,1,1,1,1,1,0,1,0,1,0,0
690,9250,65,4,1999,98500,Petrol,110,1,Grey,0,1600,5,4,5,85,1075,0,0,3,1,1,1,1,0,0,0,1,1,1,0,1,0,1,1,0,0,0
691,8750,64,5,1999,98291,Petrol,86,0,Green,0,1300,4,4,5,69,1000,0,1,12,0,1,0,0,0,0,0,1,1,1,1,0,0,0,0,1,0,0
692,9950,61,8,1999,97648,Petrol,110,1,Beige,0,1600,3,4,6,85,1065,1,1,3,1,1,1,1,0,1,0,1,1,1,0,1,1,1,1,0,0,1
693,9950,61,8,1999,97425,Petrol,110,1,Black,0,1600,5,4,5,85,1075,0,1,3,1,1,1,1,0,0,0,1,1,1,1,1,0,1,1,1,0,1
694,9900,65,4,1999,97173,Petrol,86,0,Blue,0,1300,3,4,5,69,1015,1,1,3,1,1,1,0,0,0,0,0,0,1,0,0,1,1,0,0,0,0
695,8950,66,3,1999,97046,Petrol,86,1,Grey,0,1300,4,4,5,69,1000,0,1,3,1,1,1,0,0,0,0,1,1,1,0,0,0,0,0,0,0,0
696,8950,67,2,1999,96000,Petrol,110,1,Black,0,1600,3,4,5,69,1050,0,1,3,1,1,1,0,0,0,0,1,0,1,0,0,1,1,0,0,0,0
697,12250,60,9,1999,96000,Diesel,72,0,Red,0,2000,4,4,5,185,1100,0,1,3,1,1,1,0,0,0,0,0,0,1,0,0,0,0,0,0,0,0
698,9250,67,2,1999,95750,Petrol,110,1,Green,0,1600,5,4,5,85,1070,0,1,6,1,1,0,1,0,0,0,0,0,1,1,0,0,0,0,1,0,0
699,10250,61,8,1999,95147,Petrol,110,1,Silver,0,1600,3,4,5,85,1050,0,1,6,0,1,0,1,0,0,0,1,1,1,0,0,0,0,0,0,0,1
700,8950,68,1,1999,95000,Petrol,110,0,Red,0,1600,3,4,5,69,1050,1,1,3,1,1,1,0,0,0,0,0,0,1,0,0,0,1,0,0,0,1
701,7999,65,4,1999,95000,Petrol,110,1,Silver,0,1600,3,4,5,69,1050,0,1,6,1,1,0,0,0,0,0,0,0,1,1,0,0,0,0,1,0,0
702,9900,66,3,1999,94606,Petrol,110,0,Black,0,1600,3,4,5,85,1065,0,0,6,1,1,0,1,0,0,0,1,1,1,0,0,0,0,0,0,0,0
703,8250,63,6,1999,94504,Petrol,86,1,Red,0,1300,4,4,5,69,1000,1,1,3,1,1,1,0,0,0,0,0,0,1,0,0,0,0,0,0,0,0
704,10500,65,4,1999,93428,Petrol,110,1,Green,0,1600,5,4,5,85,1075,0,1,3,1,1,1,1,0,0,0,1,1,1,1,1,0,1,1,1,0,1
705,8450,65,4,1999,93408,Petrol,86,0,Blue,0,1300,3,4,5,69,1015,0,1,3,1,1,1,0,0,0,0,0,0,1,0,0,1,1,0,0,0,0
706,9900,68,1,1999,93296,Petrol,110,1,Silver,0,1600,5,4,5,85,1090,1,1,3,1,1,1,1,0,0,1,1,1,1,0,1,0,1,0,0,0,0
707,10500,62,7,1999,93098,Petrol,110,1,Red,0,1600,5,4,5,85,1075,1,1,3,1,1,1,1,0,0,0,1,1,1,0,1,0,1,1,0,0,0
708,8500,67,2,1999,92922,Diesel,72,1,Green,0,2000,4,4,5,185,1100,0,1,3,1,1,1,1,0,0,0,0,0,1,0,0,0,0,0,0,0,0
709,9500,61,8,1999,92498,Petrol,110,1,Green,0,1600,3,4,5,69,1050,1,1,3,1,1,1,1,0,0,0,0,1,1,0,0,1,1,0,0,0,0
710,9450,65,4,1999,92226,Petrol,110,0,Red,0,1600,3,4,6,85,1065,0,1,3,1,1,1,1,0,0,0,1,1,1,0,1,1,1,1,0,0,0
711,9900,68,1,1999,91505,Diesel,72,0,Red,0,2000,3,4,5,185,1115,0,1,3,1,1,1,0,0,0,0,0,0,1,0,0,0,1,0,0,0,0
712,8250,64,5,1999,91333,Petrol,110,1,Blue,0,1600,3,4,5,69,1050,0,1,3,1,1,1,1,0,0,0,0,0,1,0,0,1,1,0,0,0,0
713,8750,65,4,1999,91246,Petrol,86,1,Silver,0,1300,3,4,5,69,1015,0,1,3,1,1,1,0,0,0,0,0,0,1,0,0,1,1,0,0,0,0
714,9500,58,11,1999,91000,Petrol,110,1,Grey,0,1600,5,4,5,85,1075,1,1,3,1,1,1,1,0,0,0,1,1,1,0,1,0,1,1,0,0,1
715,8450,68,1,1999,90727,Petrol,110,0,Red,0,1600,3,4,5,69,1050,1,1,3,1,1,1,0,0,0,0,1,1,1,0,0,1,1,0,0,0,0
716,8490,62,7,1999,90000,Petrol,110,0,Red,0,1600,3,4,5,69,1050,0,1,3,1,1,1,0,0,0,0,0,0,1,0,0,1,1,0,0,0,0
717,8750,60,9,1999,89576,Petrol,110,0,Red,0,1600,4,4,5,69,1035,0,0,12,0,0,0,1,0,0,0,0,0,0,1,0,0,0,0,1,0,1
718,9750,64,5,1999,89145,Petrol,86,1,Blue,0,1300,3,4,5,69,1025,0,1,3,1,1,1,1,0,0,1,1,1,1,0,1,1,1,1,0,0,0
719,9950,63,6,1999,89000,Petrol,110,1,White,0,1600,5,4,5,85,1085,0,0,6,1,1,0,1,0,0,0,0,0,1,0,0,0,0,0,0,0,1
720,8500,68,1,1999,88807,Petrol,110,0,Red,0,1600,3,4,5,69,1050,0,1,3,1,1,1,0,0,0,0,1,1,1,0,0,0,1,1,0,0,1
721,8450,63,6,1999,88685,Petrol,110,0,Grey,0,1600,5,4,5,85,1070,1,1,3,1,1,1,0,0,0,0,0,0,1,0,0,1,1,0,0,0,0
722,7900,62,7,1999,88667,Petrol,110,1,Red,0,1600,4,4,5,69,1040,1,1,3,1,1,1,1,0,0,0,1,1,1,0,1,0,1,0,0,0,0
723,8750,57,12,1999,88480,Petrol,110,1,Green,0,1600,3,4,5,69,1050,1,1,3,1,1,1,1,0,0,0,0,0,1,0,0,1,1,0,0,0,0
724,7950,61,8,1999,88127,Petrol,86,0,Red,0,1300,3,4,5,69,1015,1,1,3,1,1,1,0,0,0,0,0,0,1,1,0,1,1,0,1,0,0
725,6900,62,7,1999,88000,Petrol,86,0,Blue,0,1300,3,4,5,69,1020,0,1,3,1,1,1,1,0,0,0,1,1,1,0,1,0,1,0,0,0,1
726,8150,65,4,1999,87821,Petrol,86,1,Grey,0,1300,3,4,5,69,1015,1,1,3,1,1,1,0,0,0,0,0,0,1,0,0,0,1,1,0,0,0
727,10995,59,10,1999,87654,Petrol,86,1,Green,1,1300,5,4,5,85,1065,1,1,3,1,1,1,0,0,0,1,0,0,1,0,0,0,1,0,0,0,0
728,8900,59,10,1999,86888,Petrol,110,1,Red,0,1600,3,4,5,69,1050,0,1,3,1,1,1,1,0,0,0,0,0,1,1,0,1,1,0,1,0,0
729,9500,59,10,1999,86871,Petrol,86,1,Black,0,1300,5,4,5,69,1040,0,1,3,0,1,1,1,0,0,0,1,1,1,0,1,0,1,1,0,0,0
730,8950,68,1,1999,86714,Petrol,110,1,Silver,0,1600,4,4,5,69,1035,1,1,3,1,1,1,1,0,0,0,0,0,1,0,0,0,0,0,0,0,1
731,11500,65,4,1999,85889,Petrol,110,0,Red,0,1600,3,4,6,85,1065,0,1,12,1,1,0,1,0,0,0,1,1,1,1,0,0,0,1,1,0,1
732,10450,62,7,1999,85000,Petrol,110,1,Silver,0,1600,3,4,5,69,1050,0,0,6,1,1,0,1,0,0,0,0,0,1,1,0,0,0,0,1,0,1
733,10500,60,9,1999,85000,Petrol,86,1,Black,0,1300,3,4,5,69,1025,1,1,3,1,1,1,1,0,0,1,1,1,1,0,1,1,1,1,0,0,0
734,9250,68,1,1999,84976,Petrol,110,1,Silver,0,1600,4,4,5,69,1035,1,1,3,1,1,1,0,0,0,0,1,1,1,0,0,0,1,0,0,0,1
735,10950,65,4,1999,84558,Petrol,110,1,Silver,0,1600,5,4,5,19,1120,0,1,12,1,1,0,1,0,0,0,1,1,1,0,0,0,0,0,0,0,0
736,10450,62,7,1999,84549,Petrol,110,0,Silver,0,1600,5,4,5,85,1075,0,1,3,1,1,1,1,0,0,0,1,1,1,0,1,0,1,1,0,0,0
737,9250,68,1,1999,84482,Petrol,110,1,Grey,0,1600,5,4,5,85,1075,0,1,3,1,1,1,1,0,0,0,1,1,1,0,1,0,1,1,0,0,1
738,8750,62,7,1999,83908,Petrol,110,1,Grey,0,1600,5,4,5,85,1070,0,1,3,1,1,1,0,0,0,0,0,0,1,1,0,1,1,0,1,0,0
739,8750,67,2,1999,83560,Petrol,86,0,Red,0,1300,3,4,5,69,1015,1,1,3,1,1,1,0,0,0,0,0,1,1,0,0,1,1,1,0,0,1
740,9800,68,1,1999,83000,Petrol,107,1,Grey,1,1600,5,4,5,85,1100,1,1,3,1,1,1,0,0,0,0,0,0,1,0,0,1,1,0,0,0,0
741,8250,64,5,1999,82723,Petrol,86,0,Blue,0,1300,3,4,5,69,1015,1,1,3,1,1,1,0,0,0,0,0,0,1,0,0,0,1,0,0,0,0
742,10450,62,7,1999,82421,Petrol,110,1,Black,0,1600,3,4,6,85,1065,0,1,3,1,1,1,1,0,1,0,1,1,1,0,1,1,1,1,0,0,1
743,9750,58,11,1999,82254,Petrol,110,0,Red,0,1600,5,4,5,69,1050,0,1,12,1,1,0,0,0,0,0,1,1,1,1,0,0,0,0,1,0,1
744,8950,61,8,1999,82115,Petrol,110,1,Red,0,1600,3,4,5,85,1055,0,1,3,0,1,0,1,0,0,0,1,1,1,1,0,0,0,0,1,0,1
745,7450,65,4,1999,82000,Petrol,86,1,Blue,0,1300,3,4,5,69,1015,0,0,3,1,1,1,0,0,0,0,0,0,1,0,0,0,1,0,0,0,1
746,8450,68,1,1999,81965,Petrol,86,1,Black,0,1300,5,4,5,69,1035,1,1,3,1,1,1,0,0,0,0,0,0,1,0,0,0,1,0,0,0,0
747,8250,66,3,1999,81250,Petrol,110,0,Grey,0,1600,3,4,5,19,1050,0,0,3,0,1,0,1,0,0,0,1,1,1,0,0,0,0,0,0,0,1
748,10950,65,4,1999,81192,Petrol,110,1,Black,0,1600,3,4,6,85,1065,1,1,3,1,1,1,1,0,0,0,1,1,1,0,1,1,1,1,0,0,0
749,8950,61,8,1999,81170,Petrol,110,1,Silver,0,1600,4,4,5,69,1040,1,1,3,1,1,1,1,0,0,0,1,1,1,0,1,0,1,0,0,0,1
750,8750,66,3,1999,81083,Petrol,86,0,Red,0,1300,3,4,5,69,1015,1,1,3,1,1,1,0,0,0,0,0,0,1,0,0,1,1,0,0,0,0
751,10450,61,8,1999,80714,Petrol,110,1,Black,0,1600,5,4,5,85,1075,1,1,12,0,1,0,0,0,0,0,1,0,0,1,0,0,0,0,1,0,0
752,10950,57,12,1999,80470,Petrol,110,0,Red,0,1600,5,4,5,85,1085,1,1,3,1,1,1,0,0,0,0,1,0,1,0,0,1,1,0,0,0,0
753,8450,65,4,1999,80439,Petrol,110,1,Green,0,1600,4,4,5,69,1035,0,1,3,1,1,1,1,0,0,0,1,1,1,0,0,0,0,0,0,0,0
754,9950,59,10,1999,80430,Petrol,110,1,Black,0,1600,3,4,6,85,1065,0,1,3,1,1,1,1,0,0,0,1,1,1,0,1,1,1,1,0,0,0
755,9950,68,1,1999,80426,Petrol,110,1,Green,0,1600,3,4,5,85,1055,1,1,3,1,1,1,0,0,0,0,1,1,1,0,1,0,1,0,0,0,0
756,8750,62,7,1999,80265,Petrol,86,0,Red,0,1300,3,4,5,69,1015,1,1,3,0,1,1,0,0,0,0,0,0,0,0,0,0,0,0,0,0,1
757,9950,65,4,1999,80153,Petrol,110,0,Green,0,1600,5,4,5,85,1070,1,1,3,1,1,1,1,0,0,0,0,0,1,0,0,1,1,0,0,0,1
758,9500,68,1,1999,80121,Petrol,110,0,Red,0,1600,5,4,5,85,1070,1,1,3,1,1,1,1,0,0,0,1,1,1,0,0,1,1,0,0,0,1
759,8250,65,4,1999,80086,Petrol,110,1,Red,0,1600,4,4,5,69,1035,0,1,3,1,1,1,0,0,0,0,0,0,1,0,0,0,0,0,0,0,1
760,10950,62,7,1999,80000,Petrol,110,0,Grey,0,1600,5,4,5,85,1075,0,1,3,1,1,1,1,0,0,0,1,1,1,0,1,0,1,1,0,0,0
761,7950,60,9,1999,80000,Petrol,86,0,Green,0,1300,5,4,5,19,1015,0,1,3,1,1,0,0,0,0,0,0,0,1,0,0,0,0,0,0,0,0
762,8250,65,4,1999,80000,Petrol,86,1,Black,0,1300,2,4,5,19,1015,0,1,3,1,1,0,0,0,0,0,0,0,1,0,0,0,0,0,0,0,0
763,9895,67,2,1999,79858,Petrol,110,1,Green,0,1600,4,4,5,69,1040,1,1,3,1,1,1,1,0,0,0,1,1,1,0,1,0,1,0,0,0,0
764,9130,67,2,1999,79762,Petrol,86,1,Grey,0,1300,3,4,5,69,1015,0,1,3,1,1,1,0,0,0,0,1,1,1,0,0,0,1,0,0,0,0
765,10950,59,10,1999,79660,Petrol,86,0,Green,1,1300,5,4,5,85,1065,1,1,3,1,1,1,0,0,0,0,0,0,1,0,0,1,1,0,0,0,0
766,10500,60,9,1999,79150,Petrol,110,1,Green,0,1600,5,4,5,85,1075,1,1,3,1,1,1,1,0,0,0,1,1,1,0,1,0,1,1,0,0,1
767,8900,61,8,1999,79000,Petrol,110,1,Green,0,1600,3,4,5,69,1050,1,1,3,1,1,1,1,0,0,0,1,1,1,0,0,0,1,0,0,0,1
768,9500,57,12,1999,78955,Petrol,86,1,Silver,0,1300,5,4,5,69,1045,1,1,3,1,1,1,1,0,0,0,1,1,1,0,1,1,1,1,0,0,0
769,10950,59,10,1999,78750,Diesel,90,1,Silver,0,1975,5,4,5,210,1155,0,0,6,0,1,0,1,0,0,0,0,1,1,1,0,0,0,0,1,0,1
770,7950,68,1,1999,78521,Petrol,86,0,Green,0,1300,3,4,5,69,1015,0,1,3,1,1,1,0,0,0,0,0,0,1,0,0,1,1,0,0,0,0
771,7950,64,5,1999,78356,Petrol,86,1,Silver,0,1300,3,4,5,69,1015,1,1,3,1,1,1,0,0,0,0,0,0,1,0,0,1,1,0,0,0,1
772,7950,65,4,1999,78076,Petrol,86,1,Grey,0,1300,3,4,5,69,1015,1,1,3,1,1,1,0,0,0,0,0,0,1,0,0,0,1,0,0,0,0
773,9500,61,8,1999,78063,Petrol,107,1,Green,1,1600,5,4,5,85,1100,1,1,3,1,1,1,0,0,0,0,0,0,1,1,0,1,1,0,1,0,1
774,10950,67,2,1999,77821,Petrol,110,1,Green,0,1600,5,4,5,85,1075,1,1,3,1,1,1,1,0,0,0,1,1,1,0,1,0,1,1,0,0,1
775,9750,68,1,1999,77695,Petrol,110,1,Grey,0,1600,4,4,5,69,1035,1,1,3,1,1,1,0,0,0,0,0,0,1,0,0,0,0,0,0,0,1
776,9750,65,4,1999,77500,Petrol,110,1,Blue,0,1600,3,4,5,69,1050,1,1,3,1,1,1,0,0,0,0,0,0,1,0,0,1,1,0,0,0,0
777,9450,63,6,1999,77457,Petrol,110,1,Black,0,1600,3,4,5,85,1055,1,1,3,1,1,1,1,0,0,1,1,1,1,0,1,0,1,0,0,0,0
778,8950,68,1,1999,77029,Petrol,86,1,Black,0,1300,3,4,5,69,1015,0,1,3,1,1,1,0,0,0,0,0,1,1,0,0,0,1,0,0,0,0
779,8950,68,1,1999,77008,Petrol,86,1,Violet,0,1300,3,4,5,69,1015,1,1,12,1,1,0,0,0,0,0,0,0,1,0,0,0,0,0,0,0,0
780,8900,66,3,1999,76791,Petrol,110,1,Grey,0,1600,5,4,5,85,1070,0,1,3,1,1,1,0,0,0,0,1,1,1,0,0,1,1,0,0,0,0
781,9950,61,8,1999,76700,Petrol,86,1,Red,0,1300,5,4,5,69,1035,0,1,3,1,1,1,0,0,0,0,0,0,1,0,0,1,1,0,0,0,0
782,8750,67,2,1999,76569,Petrol,86,1,Black,0,1300,3,4,5,69,1020,0,1,3,1,1,1,1,0,0,0,1,1,1,0,1,0,1,0,0,0,0
783,8950,59,10,1999,76162,Petrol,110,1,Green,0,1600,5,4,5,85,1075,0,1,3,1,1,1,1,0,0,0,1,1,1,0,1,0,1,1,0,0,0
784,8990,65,4,1999,76155,Petrol,110,1,Red,0,1600,4,4,5,69,1035,0,1,3,1,1,1,0,0,0,0,1,0,1,0,0,0,1,0,0,0,1
785,8950,61,8,1999,75609,Petrol,86,1,Silver,0,1300,3,4,5,69,1015,1,1,3,1,1,1,0,0,0,0,0,0,1,0,0,0,1,0,0,0,0
786,8950,62,7,1999,75569,Diesel,72,1,Green,0,2000,3,4,5,185,1120,0,1,3,1,1,1,1,0,0,0,1,1,1,0,1,0,1,0,0,0,0
787,9950,67,2,1999,75429,Petrol,110,1,Black,0,1600,3,4,6,85,1065,1,1,3,1,1,1,1,0,0,0,1,1,1,0,1,1,1,1,0,0,0
788,9900,68,1,1999,75000,Petrol,110,1,Green,0,1600,5,4,5,85,1075,0,1,3,1,1,1,1,0,0,0,1,1,1,0,1,0,1,1,0,0,0
789,8950,65,4,1999,75000,Petrol,86,0,Black,0,1300,3,4,5,19,1015,0,1,3,1,1,0,0,0,0,0,1,1,1,0,0,0,0,1,0,0,0
790,8950,62,7,1999,75000,Petrol,110,1,Blue,0,1600,5,4,5,85,1070,0,1,3,1,1,1,0,0,0,0,0,0,1,0,0,0,1,0,0,0,1
791,9500,66,3,1999,74963,Petrol,107,0,Blue,1,1600,3,4,5,85,1085,0,1,3,1,1,1,1,0,0,0,1,1,1,0,1,0,1,0,0,0,0
792,7950,68,1,1999,74889,Petrol,86,1,Black,0,1300,3,4,5,69,1015,1,1,3,1,1,1,0,0,0,0,0,0,1,0,0,1,1,1,0,0,0
793,7750,68,1,1999,74875,Petrol,110,0,Red,0,1600,5,4,5,85,1070,0,1,3,0,1,0,1,0,0,0,0,0,1,0,0,0,1,0,0,0,0
794,8950,63,6,1999,74747,Petrol,110,1,Green,0,1600,5,4,5,85,1075,0,1,3,1,1,1,1,0,0,0,1,1,1,0,1,0,1,0,0,0,0
795,11950,60,9,1999,74720,Petrol,110,1,Red,0,1600,5,4,5,85,1085,1,1,3,1,1,1,1,0,0,0,0,1,1,1,0,1,1,0,1,0,1
796,8950,62,7,1999,74457,Petrol,110,0,Green,0,1600,5,4,5,85,1075,0,1,3,1,1,1,1,0,0,0,1,1,1,0,1,0,1,1,0,0,0
797,11950,60,9,1999,74337,Petrol,86,0,Blue,0,1300,5,4,5,69,1035,0,1,3,1,1,1,0,0,0,0,0,0,1,0,0,1,1,0,0,0,0
798,8950,68,1,1999,74308,Petrol,110,0,Red,0,1600,3,4,5,69,1050,1,1,3,1,1,1,1,0,0,0,0,0,1,0,0,0,1,0,0,0,0
799,9950,64,5,1999,74193,Petrol,110,0,Silver,0,1600,3,4,5,69,1050,1,1,12,1,1,0,0,0,0,0,0,0,1,0,0,0,0,0,0,0,1
800,8250,65,4,1999,74179,Petrol,110,1,Red,0,1600,3,4,5,69,1050,0,1,3,1,1,1,0,0,0,0,0,0,1,0,0,0,1,0,0,0,0
